province,health_region,date_report,cases,cumulative_cases,deaths,cumulative_deaths,numtotal_last14,numdeaths_last14,numtotal_last7,numdeaths_last7,avgtotal_last7,avgdeaths_last7
Alberta,Calgary,2022-03-07,373.0,212909.0,4.0,1089.0,2840.0,38.0,914.0,12.0,130.57142857142858,1.7142857142857142
Alberta,Calgary,2022-03-08,199.0,213108.0,1.0,1090.0,3039.0,39.0,1113.0,13.0,159.0,1.8571428571428572
Alberta,Calgary,2022-03-09,159.0,213267.0,1.0,1091.0,2113.0,23.0,1043.0,9.0,149.0,1.2857142857142858
Alberta,Calgary,2022-03-10,202.0,213469.0,1.0,1092.0,2104.0,24.0,1064.0,9.0,152.0,1.2857142857142858
Alberta,Calgary,2022-03-11,172.0,213641.0,2.0,1094.0,2106.0,22.0,1105.0,9.0,157.85714285714286,1.2857142857142858
Alberta,Calgary,2022-03-12,0.0,213641.0,0.0,1094.0,2106.0,22.0,1105.0,9.0,157.85714285714286,1.2857142857142858
Alberta,Calgary,2022-03-13,0.0,213641.0,0.0,1094.0,2106.0,22.0,1105.0,9.0,157.85714285714286,1.2857142857142858
Alberta,Central,2022-03-07,184.0,53361.0,5.0,503.0,1290.0,25.0,483.0,11.0,69.0,1.5714285714285714
Alberta,Central,2022-03-08,63.0,53424.0,2.0,505.0,1353.0,27.0,546.0,13.0,78.0,1.8571428571428572
Alberta,Central,2022-03-09,84.0,53508.0,1.0,506.0,1057.0,18.0,485.0,11.0,69.28571428571429,1.5714285714285714
Alberta,Central,2022-03-10,71.0,53579.0,1.0,507.0,1014.0,18.0,473.0,12.0,67.57142857142857,1.7142857142857142
Alberta,Central,2022-03-11,71.0,53650.0,1.0,508.0,989.0,18.0,473.0,10.0,67.57142857142857,1.4285714285714286
Alberta,Central,2022-03-12,0.0,53650.0,0.0,508.0,989.0,18.0,473.0,10.0,67.57142857142857,1.4285714285714286
Alberta,Central,2022-03-13,0.0,53650.0,0.0,508.0,989.0,18.0,473.0,10.0,67.57142857142857,1.4285714285714286
Alberta,Edmonton,2022-03-07,340.0,168972.0,4.0,1556.0,2595.0,48.0,888.0,21.0,126.85714285714286,3.0
Alberta,Edmonton,2022-03-08,172.0,169144.0,2.0,1558.0,2767.0,50.0,1060.0,23.0,151.42857142857142,3.2857142857142856
Alberta,Edmonton,2022-03-09,253.0,169397.0,2.0,1560.0,2101.0,35.0,1097.0,15.0,156.71428571428572,2.142857142857143
Alberta,Edmonton,2022-03-10,182.0,169579.0,3.0,1563.0,2076.0,37.0,1132.0,13.0,161.71428571428572,1.8571428571428572
Alberta,Edmonton,2022-03-11,148.0,169727.0,5.0,1568.0,2037.0,37.0,1095.0,16.0,156.42857142857142,2.2857142857142856
Alberta,Edmonton,2022-03-12,0.0,169727.0,0.0,1568.0,2037.0,37.0,1095.0,16.0,156.42857142857142,2.2857142857142856
Alberta,Edmonton,2022-03-13,0.0,169727.0,0.0,1568.0,2037.0,37.0,1095.0,16.0,156.42857142857142,2.2857142857142856
Alberta,North,2022-03-07,132.0,58984.0,1.0,475.0,1366.0,16.0,439.0,6.0,62.714285714285715,0.8571428571428571
Alberta,North,2022-03-08,43.0,59027.0,1.0,476.0,1409.0,17.0,482.0,7.0,68.85714285714286,1.0
Alberta,North,2022-03-09,70.0,59097.0,2.0,478.0,979.0,13.0,422.0,5.0,60.285714285714285,0.7142857142857143
Alberta,North,2022-03-10,81.0,59178.0,1.0,479.0,959.0,14.0,425.0,5.0,60.714285714285715,0.7142857142857143
Alberta,North,2022-03-11,60.0,59238.0,2.0,481.0,918.0,13.0,386.0,7.0,55.142857142857146,1.0
Alberta,North,2022-03-12,0.0,59238.0,0.0,481.0,918.0,13.0,386.0,7.0,55.142857142857146,1.0
Alberta,North,2022-03-13,0.0,59238.0,0.0,481.0,918.0,13.0,386.0,7.0,55.142857142857146,1.0
Alberta,Not Reported,2022-03-07,-19.0,422.0,0.0,0.0,-283.0,0.0,-155.0,0.0,-22.142857142857142,0.0
Alberta,Not Reported,2022-03-08,-59.0,363.0,0.0,0.0,-342.0,0.0,-214.0,0.0,-30.571428571428573,0.0
Alberta,Not Reported,2022-03-09,-51.0,312.0,0.0,0.0,-355.0,0.0,-194.0,0.0,-27.714285714285715,0.0
Alberta,Not Reported,2022-03-10,-42.0,270.0,0.0,0.0,-360.0,0.0,-207.0,0.0,-29.571428571428573,0.0
Alberta,Not Reported,2022-03-11,-13.0,257.0,0.0,0.0,-338.0,0.0,-184.0,0.0,-26.285714285714285,0.0
Alberta,Not Reported,2022-03-12,0.0,257.0,0.0,0.0,-338.0,0.0,-184.0,0.0,-26.285714285714285,0.0
Alberta,Not Reported,2022-03-13,0.0,257.0,0.0,0.0,-338.0,0.0,-184.0,0.0,-26.285714285714285,0.0
Alberta,South,2022-03-07,103.0,34069.0,4.0,349.0,939.0,15.0,332.0,10.0,47.42857142857143,1.4285714285714286
Alberta,South,2022-03-08,49.0,34118.0,1.0,350.0,988.0,16.0,381.0,11.0,54.42857142857143,1.5714285714285714
Alberta,South,2022-03-09,37.0,34155.0,1.0,351.0,737.0,14.0,320.0,7.0,45.714285714285715,1.0
Alberta,South,2022-03-10,58.0,34213.0,0.0,351.0,709.0,14.0,299.0,7.0,42.714285714285715,1.0
Alberta,South,2022-03-11,35.0,34248.0,1.0,352.0,668.0,15.0,282.0,7.0,40.285714285714285,1.0
Alberta,South,2022-03-12,0.0,34248.0,0.0,352.0,668.0,15.0,282.0,7.0,40.285714285714285,1.0
Alberta,South,2022-03-13,0.0,34248.0,0.0,352.0,668.0,15.0,282.0,7.0,40.285714285714285,1.0
BC,Fraser,2022-03-07,263.0,157643.0,6.0,1314.0,1611.0,41.0,634.0,14.0,90.57142857142857,2.0
BC,Fraser,2022-03-08,-19.0,157624.0,1.0,1315.0,1166.0,31.0,514.0,15.0,73.42857142857143,2.142857142857143
BC,Fraser,2022-03-09,48.0,157672.0,6.0,1321.0,1105.0,37.0,451.0,19.0,64.42857142857143,2.7142857142857144
BC,Fraser,2022-03-10,65.0,157737.0,2.0,1323.0,1052.0,38.0,428.0,17.0,61.142857142857146,2.4285714285714284
BC,Fraser,2022-03-11,71.0,157808.0,3.0,1326.0,1029.0,31.0,428.0,18.0,61.142857142857146,2.5714285714285716
BC,Fraser,2022-03-12,0.0,157808.0,0.0,1326.0,1029.0,31.0,428.0,18.0,61.142857142857146,2.5714285714285716
BC,Fraser,2022-03-13,0.0,157808.0,0.0,1326.0,1029.0,31.0,428.0,18.0,61.142857142857146,2.5714285714285716
BC,Interior,2022-03-07,242.0,60711.0,3.0,361.0,2407.0,20.0,753.0,8.0,107.57142857142857,1.1428571428571428
BC,Interior,2022-03-08,131.0,60842.0,0.0,361.0,1878.0,13.0,691.0,8.0,98.71428571428571,1.1428571428571428
BC,Interior,2022-03-09,84.0,60926.0,0.0,361.0,1682.0,13.0,670.0,6.0,95.71428571428571,0.8571428571428571
BC,Interior,2022-03-10,115.0,61041.0,1.0,362.0,1603.0,12.0,685.0,4.0,97.85714285714286,0.5714285714285714
BC,Interior,2022-03-11,93.0,61134.0,0.0,362.0,1495.0,13.0,665.0,4.0,95.0,0.5714285714285714
BC,Interior,2022-03-12,0.0,61134.0,0.0,362.0,1495.0,13.0,665.0,4.0,95.0,0.5714285714285714
BC,Interior,2022-03-13,0.0,61134.0,0.0,362.0,1495.0,13.0,665.0,4.0,95.0,0.5714285714285714
BC,Island,2022-03-07,204.0,32125.0,1.0,222.0,1385.0,16.0,547.0,5.0,78.14285714285714,0.7142857142857143
BC,Island,2022-03-08,69.0,32194.0,0.0,222.0,1179.0,11.0,521.0,5.0,74.42857142857143,0.7142857142857143
BC,Island,2022-03-09,77.0,32271.0,5.0,227.0,1116.0,16.0,500.0,10.0,71.42857142857143,1.4285714285714286
BC,Island,2022-03-10,53.0,32324.0,0.0,227.0,1056.0,16.0,468.0,10.0,66.85714285714286,1.4285714285714286
BC,Island,2022-03-11,47.0,32371.0,0.0,227.0,1008.0,15.0,450.0,6.0,64.28571428571429,0.8571428571428571
BC,Island,2022-03-12,0.0,32371.0,0.0,227.0,1008.0,15.0,450.0,6.0,64.28571428571429,0.8571428571428571
BC,Island,2022-03-13,0.0,32371.0,0.0,227.0,1008.0,15.0,450.0,6.0,64.28571428571429,0.8571428571428571
BC,Northern,2022-03-07,79.0,28777.0,1.0,318.0,1024.0,19.0,308.0,5.0,44.0,0.7142857142857143
BC,Northern,2022-03-08,54.0,28831.0,0.0,318.0,878.0,15.0,317.0,5.0,45.285714285714285,0.7142857142857143
BC,Northern,2022-03-09,29.0,28860.0,0.0,318.0,693.0,14.0,287.0,3.0,41.0,0.42857142857142855
BC,Northern,2022-03-10,54.0,28914.0,0.0,318.0,639.0,12.0,266.0,1.0,38.0,0.14285714285714285
BC,Northern,2022-03-11,30.0,28944.0,0.0,318.0,585.0,11.0,246.0,1.0,35.142857142857146,0.14285714285714285
BC,Northern,2022-03-12,0.0,28944.0,0.0,318.0,585.0,11.0,246.0,1.0,35.142857142857146,0.14285714285714285
BC,Northern,2022-03-13,0.0,28944.0,0.0,318.0,585.0,11.0,246.0,1.0,35.142857142857146,0.14285714285714285
BC,Not Reported,2022-03-07,0.0,389.0,0.0,0.0,10.0,0.0,1.0,0.0,0.14285714285714285,0.0
BC,Not Reported,2022-03-08,0.0,389.0,0.0,0.0,5.0,0.0,0.0,0.0,0.0,0.0
BC,Not Reported,2022-03-09,0.0,389.0,0.0,0.0,1.0,0.0,0.0,0.0,0.0,0.0
BC,Not Reported,2022-03-10,0.0,389.0,0.0,0.0,1.0,0.0,0.0,0.0,0.0,0.0
BC,Not Reported,2022-03-11,0.0,389.0,0.0,0.0,1.0,0.0,0.0,0.0,0.0,0.0
BC,Not Reported,2022-03-12,0.0,389.0,0.0,0.0,1.0,0.0,0.0,0.0,0.0,0.0
BC,Not Reported,2022-03-13,0.0,389.0,0.0,0.0,1.0,0.0,0.0,0.0,0.0,0.0
BC,Vancouver Coastal,2022-03-07,209.0,71296.0,0.0,699.0,873.0,32.0,393.0,9.0,56.142857142857146,1.2857142857142858
BC,Vancouver Coastal,2022-03-08,-35.0,71261.0,0.0,699.0,638.0,15.0,327.0,9.0,46.714285714285715,1.2857142857142858
BC,Vancouver Coastal,2022-03-09,36.0,71297.0,3.0,702.0,622.0,18.0,294.0,8.0,42.0,1.1428571428571428
BC,Vancouver Coastal,2022-03-10,49.0,71346.0,0.0,702.0,607.0,14.0,300.0,4.0,42.857142857142854,0.5714285714285714
BC,Vancouver Coastal,2022-03-11,47.0,71393.0,0.0,702.0,590.0,14.0,306.0,3.0,43.714285714285715,0.42857142857142855
BC,Vancouver Coastal,2022-03-12,0.0,71393.0,0.0,702.0,590.0,14.0,306.0,3.0,43.714285714285715,0.42857142857142855
BC,Vancouver Coastal,2022-03-13,0.0,71393.0,0.0,702.0,590.0,14.0,306.0,3.0,43.714285714285715,0.42857142857142855
Canada,Canada,2022-03-07,9433.0,3344580.0,66.0,36937.0,89238.0,964.0,39030.0,402.0,5575.714285714285,57.42857142857143
Canada,Canada,2022-03-08,4835.0,3349415.0,77.0,37014.0,84184.0,913.0,40544.0,431.0,5792.0,61.57142857142857
Canada,Canada,2022-03-09,7673.0,3357088.0,53.0,37067.0,81614.0,842.0,40130.0,392.0,5732.857142857143,56.0
Canada,Canada,2022-03-10,5910.0,3362998.0,64.0,37131.0,81687.0,838.0,40861.0,392.0,5837.285714285715,56.0
Canada,Canada,2022-03-11,7292.0,3370290.0,-205.0,36926.0,81055.0,553.0,39231.0,111.0,5604.428571428572,15.857142857142858
Canada,Canada,2022-03-12,1364.0,3371654.0,17.0,36943.0,81402.0,561.0,38828.0,96.0,5546.857142857143,13.714285714285714
Canada,Canada,2022-03-13,1120.0,3372774.0,7.0,36950.0,78363.0,501.0,37627.0,79.0,5375.285714285715,11.285714285714286
Manitoba,Interlake-Eastern,2022-03-07,45.0,10825.0,2.0,86.0,389.0,5.0,113.0,2.0,16.142857142857142,0.2857142857142857
Manitoba,Interlake-Eastern,2022-03-08,19.0,10844.0,0.0,86.0,326.0,3.0,114.0,2.0,16.285714285714285,0.2857142857142857
Manitoba,Interlake-Eastern,2022-03-09,24.0,10868.0,0.0,86.0,315.0,2.0,132.0,2.0,18.857142857142858,0.2857142857142857
Manitoba,Interlake-Eastern,2022-03-10,11.0,10879.0,1.0,87.0,297.0,3.0,132.0,3.0,18.857142857142858,0.42857142857142855
Manitoba,Interlake-Eastern,2022-03-11,17.0,10896.0,0.0,87.0,281.0,3.0,116.0,3.0,16.571428571428573,0.42857142857142855
Manitoba,Interlake-Eastern,2022-03-12,0.0,10896.0,0.0,87.0,281.0,3.0,116.0,3.0,16.571428571428573,0.42857142857142855
Manitoba,Interlake-Eastern,2022-03-13,0.0,10896.0,0.0,87.0,281.0,3.0,116.0,3.0,16.571428571428573,0.42857142857142855
Manitoba,Northern,2022-03-07,79.0,17251.0,0.0,78.0,967.0,2.0,289.0,0.0,41.285714285714285,0.0
Manitoba,Northern,2022-03-08,39.0,17290.0,0.0,78.0,791.0,2.0,236.0,0.0,33.714285714285715,0.0
Manitoba,Northern,2022-03-09,46.0,17336.0,0.0,78.0,657.0,1.0,230.0,0.0,32.857142857142854,0.0
Manitoba,Northern,2022-03-10,37.0,17373.0,1.0,79.0,592.0,1.0,233.0,1.0,33.285714285714285,0.14285714285714285
Manitoba,Northern,2022-03-11,73.0,17446.0,0.0,79.0,595.0,1.0,274.0,1.0,39.142857142857146,0.14285714285714285
Manitoba,Northern,2022-03-12,0.0,17446.0,0.0,79.0,595.0,1.0,274.0,1.0,39.142857142857146,0.14285714285714285
Manitoba,Northern,2022-03-13,0.0,17446.0,0.0,79.0,595.0,1.0,274.0,1.0,39.142857142857146,0.14285714285714285
Manitoba,Not Reported,2022-03-07,0.0,0.0,0.0,0.0,0.0,0.0,0.0,0.0,0.0,0.0
Manitoba,Not Reported,2022-03-08,0.0,0.0,0.0,0.0,0.0,0.0,0.0,0.0,0.0,0.0
Manitoba,Not Reported,2022-03-09,0.0,0.0,0.0,0.0,0.0,0.0,0.0,0.0,0.0,0.0
Manitoba,Not Reported,2022-03-10,0.0,0.0,0.0,0.0,0.0,0.0,0.0,0.0,0.0,0.0
Manitoba,Not Reported,2022-03-11,0.0,0.0,0.0,0.0,0.0,0.0,0.0,0.0,0.0,0.0
Manitoba,Not Reported,2022-03-12,0.0,0.0,0.0,0.0,0.0,0.0,0.0,0.0,0.0,0.0
Manitoba,Not Reported,2022-03-13,0.0,0.0,0.0,0.0,0.0,0.0,0.0,0.0,0.0,0.0
Manitoba,Prairie Mountain,2022-03-07,84.0,13214.0,2.0,147.0,721.0,12.0,212.0,5.0,30.285714285714285,0.7142857142857143
Manitoba,Prairie Mountain,2022-03-08,14.0,13228.0,0.0,147.0,518.0,9.0,199.0,5.0,28.428571428571427,0.7142857142857143
Manitoba,Prairie Mountain,2022-03-09,36.0,13264.0,1.0,148.0,497.0,10.0,203.0,5.0,29.0,0.7142857142857143
Manitoba,Prairie Mountain,2022-03-10,32.0,13296.0,0.0,148.0,462.0,9.0,190.0,4.0,27.142857142857142,0.5714285714285714
Manitoba,Prairie Mountain,2022-03-11,23.0,13319.0,0.0,148.0,417.0,8.0,189.0,3.0,27.0,0.42857142857142855
Manitoba,Prairie Mountain,2022-03-12,0.0,13319.0,0.0,148.0,417.0,8.0,189.0,3.0,27.0,0.42857142857142855
Manitoba,Prairie Mountain,2022-03-13,0.0,13319.0,0.0,148.0,417.0,8.0,189.0,3.0,27.0,0.42857142857142855
Manitoba,Southern Health,2022-03-07,40.0,18662.0,2.0,331.0,309.0,9.0,106.0,3.0,15.142857142857142,0.42857142857142855
Manitoba,Southern Health,2022-03-08,18.0,18680.0,0.0,331.0,256.0,6.0,105.0,3.0,15.0,0.42857142857142855
Manitoba,Southern Health,2022-03-09,22.0,18702.0,0.0,331.0,257.0,5.0,110.0,3.0,15.714285714285714,0.42857142857142855
Manitoba,Southern Health,2022-03-10,12.0,18714.0,0.0,331.0,244.0,5.0,108.0,3.0,15.428571428571429,0.42857142857142855
Manitoba,Southern Health,2022-03-11,19.0,18733.0,1.0,332.0,233.0,6.0,111.0,3.0,15.857142857142858,0.42857142857142855
Manitoba,Southern Health,2022-03-12,0.0,18733.0,0.0,332.0,233.0,6.0,111.0,3.0,15.857142857142858,0.42857142857142855
Manitoba,Southern Health,2022-03-13,0.0,18733.0,0.0,332.0,233.0,6.0,111.0,3.0,15.857142857142858,0.42857142857142855
Manitoba,Winnipeg,2022-03-07,174.0,71996.0,4.0,1058.0,1076.0,23.0,415.0,10.0,59.285714285714285,1.4285714285714286
Manitoba,Winnipeg,2022-03-08,51.0,72047.0,0.0,1058.0,902.0,20.0,401.0,10.0,57.285714285714285,1.4285714285714286
Manitoba,Winnipeg,2022-03-09,78.0,72125.0,2.0,1060.0,912.0,22.0,427.0,11.0,61.0,1.5714285714285714
Manitoba,Winnipeg,2022-03-10,100.0,72225.0,3.0,1063.0,920.0,22.0,469.0,12.0,67.0,1.7142857142857142
Manitoba,Winnipeg,2022-03-11,62.0,72287.0,1.0,1064.0,878.0,17.0,465.0,10.0,66.42857142857143,1.4285714285714286
Manitoba,Winnipeg,2022-03-12,0.0,72287.0,0.0,1064.0,878.0,17.0,465.0,10.0,66.42857142857143,1.4285714285714286
Manitoba,Winnipeg,2022-03-13,0.0,72287.0,0.0,1064.0,878.0,17.0,465.0,10.0,66.42857142857143,1.4285714285714286
NL,Central,2022-03-07,0.0,3532.0,0.0,27.0,550.0,2.0,241.0,0.0,34.42857142857143,0.0
NL,Central,2022-03-08,178.0,3710.0,1.0,28.0,728.0,3.0,419.0,1.0,59.857142857142854,0.14285714285714285
NL,Central,2022-03-09,103.0,3813.0,1.0,29.0,755.0,3.0,423.0,2.0,60.42857142857143,0.2857142857142857
NL,Central,2022-03-10,0.0,3813.0,0.0,29.0,755.0,3.0,423.0,2.0,60.42857142857143,0.2857142857142857
NL,Central,2022-03-11,210.0,4023.0,1.0,30.0,859.0,4.0,491.0,3.0,70.14285714285714,0.42857142857142855
NL,Central,2022-03-12,0.0,4023.0,0.0,30.0,859.0,4.0,491.0,3.0,70.14285714285714,0.42857142857142855
NL,Central,2022-03-13,0.0,4023.0,0.0,30.0,859.0,4.0,491.0,3.0,70.14285714285714,0.42857142857142855
NL,Eastern,2022-03-07,0.0,17019.0,0.0,29.0,2549.0,1.0,1178.0,0.0,168.28571428571428,0.0
NL,Eastern,2022-03-08,910.0,17929.0,1.0,30.0,3459.0,2.0,2088.0,1.0,298.2857142857143,0.14285714285714285
NL,Eastern,2022-03-09,882.0,18811.0,2.0,32.0,4009.0,4.0,2390.0,3.0,341.42857142857144,0.42857142857142855
NL,Eastern,2022-03-10,0.0,18811.0,0.0,32.0,4009.0,4.0,2390.0,3.0,341.42857142857144,0.42857142857142855
NL,Eastern,2022-03-11,909.0,19720.0,2.0,34.0,4462.0,6.0,2701.0,5.0,385.85714285714283,0.7142857142857143
NL,Eastern,2022-03-12,0.0,19720.0,0.0,34.0,4462.0,6.0,2701.0,5.0,385.85714285714283,0.7142857142857143
NL,Eastern,2022-03-13,0.0,19720.0,0.0,34.0,4462.0,6.0,2701.0,5.0,385.85714285714283,0.7142857142857143
NL,Labrador-Grenfell,2022-03-07,0.0,2244.0,0.0,1.0,168.0,0.0,67.0,0.0,9.571428571428571,0.0
NL,Labrador-Grenfell,2022-03-08,29.0,2273.0,0.0,1.0,197.0,0.0,96.0,0.0,13.714285714285714,0.0
NL,Labrador-Grenfell,2022-03-09,31.0,2304.0,0.0,1.0,203.0,0.0,113.0,0.0,16.142857142857142,0.0
NL,Labrador-Grenfell,2022-03-10,0.0,2304.0,0.0,1.0,203.0,0.0,113.0,0.0,16.142857142857142,0.0
NL,Labrador-Grenfell,2022-03-11,47.0,2351.0,0.0,1.0,237.0,0.0,107.0,0.0,15.285714285714286,0.0
NL,Labrador-Grenfell,2022-03-12,0.0,2351.0,0.0,1.0,237.0,0.0,107.0,0.0,15.285714285714286,0.0
NL,Labrador-Grenfell,2022-03-13,0.0,2351.0,0.0,1.0,237.0,0.0,107.0,0.0,15.285714285714286,0.0
NL,Not Reported,2022-03-07,0.0,0.0,0.0,0.0,0.0,0.0,0.0,0.0,0.0,0.0
NL,Not Reported,2022-03-08,0.0,0.0,0.0,0.0,0.0,0.0,0.0,0.0,0.0,0.0
NL,Not Reported,2022-03-09,0.0,0.0,0.0,0.0,0.0,0.0,0.0,0.0,0.0,0.0
NL,Not Reported,2022-03-10,0.0,0.0,0.0,0.0,0.0,0.0,0.0,0.0,0.0,0.0
NL,Not Reported,2022-03-11,0.0,0.0,0.0,0.0,0.0,0.0,0.0,0.0,0.0,0.0
NL,Not Reported,2022-03-12,0.0,0.0,0.0,0.0,0.0,0.0,0.0,0.0,0.0,0.0
NL,Not Reported,2022-03-13,0.0,0.0,0.0,0.0,0.0,0.0,0.0,0.0,0.0,0.0
NL,Western,2022-03-07,0.0,2933.0,0.0,9.0,487.0,0.0,216.0,0.0,30.857142857142858,0.0
NL,Western,2022-03-08,127.0,3060.0,0.0,9.0,614.0,0.0,343.0,0.0,49.0,0.0
NL,Western,2022-03-09,115.0,3175.0,1.0,10.0,668.0,1.0,396.0,1.0,56.57142857142857,0.14285714285714285
NL,Western,2022-03-10,0.0,3175.0,0.0,10.0,668.0,1.0,396.0,1.0,56.57142857142857,0.14285714285714285
NL,Western,2022-03-11,96.0,3271.0,1.0,11.0,660.0,2.0,338.0,2.0,48.285714285714285,0.2857142857142857
NL,Western,2022-03-12,0.0,3271.0,0.0,11.0,660.0,2.0,338.0,2.0,48.285714285714285,0.2857142857142857
NL,Western,2022-03-13,0.0,3271.0,0.0,11.0,660.0,2.0,338.0,2.0,48.285714285714285,0.2857142857142857
NWT,NWT,2022-03-07,109.0,9231.0,0.0,19.0,929.0,1.0,434.0,0.0,62.0,0.0
NWT,NWT,2022-03-08,94.0,9325.0,0.0,19.0,901.0,0.0,401.0,0.0,57.285714285714285,0.0
NWT,NWT,2022-03-09,75.0,9400.0,1.0,20.0,905.0,1.0,393.0,1.0,56.142857142857146,0.14285714285714285
NWT,NWT,2022-03-10,66.0,9466.0,0.0,20.0,872.0,1.0,386.0,1.0,55.142857142857146,0.14285714285714285
NWT,NWT,2022-03-11,48.0,9514.0,0.0,20.0,832.0,1.0,392.0,1.0,56.0,0.14285714285714285
NWT,NWT,2022-03-12,0.0,9514.0,0.0,20.0,832.0,1.0,392.0,1.0,56.0,0.14285714285714285
NWT,NWT,2022-03-13,0.0,9514.0,0.0,20.0,832.0,1.0,392.0,1.0,56.0,0.14285714285714285
New Brunswick,Not Reported,2022-03-07,0.0,0.0,0.0,0.0,0.0,0.0,0.0,0.0,0.0,0.0
New Brunswick,Not Reported,2022-03-08,0.0,0.0,0.0,0.0,0.0,0.0,0.0,0.0,0.0,0.0
New Brunswick,Not Reported,2022-03-09,0.0,0.0,0.0,0.0,0.0,0.0,0.0,0.0,0.0,0.0
New Brunswick,Not Reported,2022-03-10,0.0,0.0,0.0,0.0,0.0,0.0,0.0,0.0,0.0,0.0
New Brunswick,Not Reported,2022-03-11,0.0,0.0,0.0,0.0,0.0,0.0,0.0,0.0,0.0,0.0
New Brunswick,Not Reported,2022-03-12,0.0,0.0,0.0,0.0,0.0,0.0,0.0,0.0,0.0,0.0
New Brunswick,Not Reported,2022-03-13,0.0,0.0,0.0,0.0,0.0,0.0,0.0,0.0,0.0,0.0
New Brunswick,Zone 1 (Moncton area),2022-03-07,325.0,12556.0,0.0,77.0,1970.0,2.0,771.0,1.0,110.14285714285714,0.14285714285714285
New Brunswick,Zone 1 (Moncton area),2022-03-08,79.0,12635.0,0.0,77.0,1607.0,2.0,784.0,0.0,112.0,0.0
New Brunswick,Zone 1 (Moncton area),2022-03-09,74.0,12709.0,0.0,77.0,1582.0,2.0,741.0,0.0,105.85714285714286,0.0
New Brunswick,Zone 1 (Moncton area),2022-03-10,153.0,12862.0,1.0,78.0,1625.0,3.0,761.0,1.0,108.71428571428571,0.14285714285714285
New Brunswick,Zone 1 (Moncton area),2022-03-11,105.0,12967.0,0.0,78.0,1619.0,3.0,736.0,1.0,105.14285714285714,0.14285714285714285
New Brunswick,Zone 1 (Moncton area),2022-03-12,0.0,12967.0,0.0,78.0,1619.0,3.0,736.0,1.0,105.14285714285714,0.14285714285714285
New Brunswick,Zone 1 (Moncton area),2022-03-13,0.0,12967.0,0.0,78.0,1619.0,3.0,736.0,1.0,105.14285714285714,0.14285714285714285
New Brunswick,Zone 2 (Saint John area),2022-03-07,269.0,9616.0,2.0,52.0,1285.0,3.0,604.0,2.0,86.28571428571429,0.2857142857142857
New Brunswick,Zone 2 (Saint John area),2022-03-08,79.0,9695.0,1.0,53.0,1161.0,3.0,631.0,3.0,90.14285714285714,0.42857142857142855
New Brunswick,Zone 2 (Saint John area),2022-03-09,105.0,9800.0,0.0,53.0,1177.0,3.0,641.0,3.0,91.57142857142857,0.42857142857142855
New Brunswick,Zone 2 (Saint John area),2022-03-10,111.0,9911.0,0.0,53.0,1210.0,3.0,659.0,3.0,94.14285714285714,0.42857142857142855
New Brunswick,Zone 2 (Saint John area),2022-03-11,98.0,10009.0,0.0,53.0,1227.0,3.0,662.0,3.0,94.57142857142857,0.42857142857142855
New Brunswick,Zone 2 (Saint John area),2022-03-12,0.0,10009.0,0.0,53.0,1227.0,3.0,662.0,3.0,94.57142857142857,0.42857142857142855
New Brunswick,Zone 2 (Saint John area),2022-03-13,0.0,10009.0,0.0,53.0,1227.0,3.0,662.0,3.0,94.57142857142857,0.42857142857142855
New Brunswick,Zone 3 (Fredericton area),2022-03-07,265.0,7035.0,0.0,49.0,1324.0,3.0,609.0,2.0,87.0,0.2857142857142857
New Brunswick,Zone 3 (Fredericton area),2022-03-08,39.0,7074.0,0.0,49.0,1094.0,2.0,550.0,1.0,78.57142857142857,0.14285714285714285
New Brunswick,Zone 3 (Fredericton area),2022-03-09,56.0,7130.0,1.0,50.0,1086.0,3.0,519.0,2.0,74.14285714285714,0.2857142857142857
New Brunswick,Zone 3 (Fredericton area),2022-03-10,72.0,7202.0,2.0,52.0,1078.0,5.0,520.0,4.0,74.28571428571429,0.5714285714285714
New Brunswick,Zone 3 (Fredericton area),2022-03-11,98.0,7300.0,0.0,52.0,1108.0,5.0,530.0,3.0,75.71428571428571,0.42857142857142855
New Brunswick,Zone 3 (Fredericton area),2022-03-12,0.0,7300.0,0.0,52.0,1108.0,5.0,530.0,3.0,75.71428571428571,0.42857142857142855
New Brunswick,Zone 3 (Fredericton area),2022-03-13,0.0,7300.0,0.0,52.0,1108.0,5.0,530.0,3.0,75.71428571428571,0.42857142857142855
New Brunswick,Zone 4 (Edmundston area),2022-03-07,68.0,3879.0,0.0,59.0,307.0,2.0,138.0,0.0,19.714285714285715,0.0
New Brunswick,Zone 4 (Edmundston area),2022-03-08,10.0,3889.0,0.0,59.0,250.0,2.0,140.0,0.0,20.0,0.0
New Brunswick,Zone 4 (Edmundston area),2022-03-09,23.0,3912.0,0.0,59.0,261.0,2.0,139.0,0.0,19.857142857142858,0.0
New Brunswick,Zone 4 (Edmundston area),2022-03-10,21.0,3933.0,0.0,59.0,265.0,2.0,144.0,0.0,20.571428571428573,0.0
New Brunswick,Zone 4 (Edmundston area),2022-03-11,23.0,3956.0,0.0,59.0,253.0,1.0,145.0,0.0,20.714285714285715,0.0
New Brunswick,Zone 4 (Edmundston area),2022-03-12,0.0,3956.0,0.0,59.0,253.0,1.0,145.0,0.0,20.714285714285715,0.0
New Brunswick,Zone 4 (Edmundston area),2022-03-13,0.0,3956.0,0.0,59.0,253.0,1.0,145.0,0.0,20.714285714285715,0.0
New Brunswick,Zone 5 (Campbellton area),2022-03-07,28.0,1725.0,0.0,23.0,198.0,0.0,90.0,0.0,12.857142857142858,0.0
New Brunswick,Zone 5 (Campbellton area),2022-03-08,6.0,1731.0,0.0,23.0,170.0,0.0,85.0,0.0,12.142857142857142,0.0
New Brunswick,Zone 5 (Campbellton area),2022-03-09,15.0,1746.0,0.0,23.0,179.0,0.0,82.0,0.0,11.714285714285714,0.0
New Brunswick,Zone 5 (Campbellton area),2022-03-10,13.0,1759.0,0.0,23.0,172.0,0.0,82.0,0.0,11.714285714285714,0.0
New Brunswick,Zone 5 (Campbellton area),2022-03-11,19.0,1778.0,0.0,23.0,172.0,0.0,81.0,0.0,11.571428571428571,0.0
New Brunswick,Zone 5 (Campbellton area),2022-03-12,0.0,1778.0,0.0,23.0,172.0,0.0,81.0,0.0,11.571428571428571,0.0
New Brunswick,Zone 5 (Campbellton area),2022-03-13,0.0,1778.0,0.0,23.0,172.0,0.0,81.0,0.0,11.571428571428571,0.0
New Brunswick,Zone 6 (Bathurst area),2022-03-07,118.0,2978.0,0.0,28.0,510.0,2.0,253.0,1.0,36.142857142857146,0.14285714285714285
New Brunswick,Zone 6 (Bathurst area),2022-03-08,19.0,2997.0,0.0,28.0,461.0,2.0,238.0,1.0,34.0,0.14285714285714285
New Brunswick,Zone 6 (Bathurst area),2022-03-09,30.0,3027.0,0.0,28.0,467.0,2.0,238.0,1.0,34.0,0.14285714285714285
New Brunswick,Zone 6 (Bathurst area),2022-03-10,56.0,3083.0,0.0,28.0,473.0,2.0,248.0,0.0,35.42857142857143,0.0
New Brunswick,Zone 6 (Bathurst area),2022-03-11,46.0,3129.0,0.0,28.0,472.0,2.0,269.0,0.0,38.42857142857143,0.0
New Brunswick,Zone 6 (Bathurst area),2022-03-12,0.0,3129.0,0.0,28.0,472.0,2.0,269.0,0.0,38.42857142857143,0.0
New Brunswick,Zone 6 (Bathurst area),2022-03-13,0.0,3129.0,0.0,28.0,472.0,2.0,269.0,0.0,38.42857142857143,0.0
New Brunswick,Zone 7 (Miramichi area),2022-03-07,60.0,2281.0,0.0,23.0,254.0,1.0,123.0,1.0,17.571428571428573,0.14285714285714285
New Brunswick,Zone 7 (Miramichi area),2022-03-08,10.0,2291.0,0.0,23.0,199.0,1.0,115.0,1.0,16.428571428571427,0.14285714285714285
New Brunswick,Zone 7 (Miramichi area),2022-03-09,39.0,2330.0,0.0,23.0,232.0,1.0,139.0,1.0,19.857142857142858,0.14285714285714285
New Brunswick,Zone 7 (Miramichi area),2022-03-10,29.0,2359.0,0.0,23.0,251.0,1.0,149.0,0.0,21.285714285714285,0.0
New Brunswick,Zone 7 (Miramichi area),2022-03-11,14.0,2373.0,1.0,24.0,244.0,2.0,152.0,1.0,21.714285714285715,0.14285714285714285
New Brunswick,Zone 7 (Miramichi area),2022-03-12,0.0,2373.0,0.0,24.0,244.0,2.0,152.0,1.0,21.714285714285715,0.14285714285714285
New Brunswick,Zone 7 (Miramichi area),2022-03-13,0.0,2373.0,0.0,24.0,244.0,2.0,152.0,1.0,21.714285714285715,0.14285714285714285
Nova Scotia,Not Reported,2022-03-07,0.0,0.0,0.0,1.0,0.0,0.0,0.0,0.0,0.0,0.0
Nova Scotia,Not Reported,2022-03-08,0.0,0.0,0.0,1.0,0.0,0.0,0.0,0.0,0.0,0.0
Nova Scotia,Not Reported,2022-03-09,0.0,0.0,0.0,1.0,0.0,0.0,0.0,0.0,0.0,0.0
Nova Scotia,Not Reported,2022-03-10,1382.0,1382.0,5.0,6.0,1382.0,5.0,1382.0,5.0,197.42857142857142,0.7142857142857143
Nova Scotia,Not Reported,2022-03-11,0.0,1382.0,0.0,6.0,1382.0,5.0,1382.0,5.0,197.42857142857142,0.7142857142857143
Nova Scotia,Not Reported,2022-03-12,0.0,1382.0,0.0,6.0,1382.0,5.0,1382.0,5.0,197.42857142857142,0.7142857142857143
Nova Scotia,Not Reported,2022-03-13,0.0,1382.0,0.0,6.0,1382.0,5.0,1382.0,5.0,197.42857142857142,0.7142857142857143
Nova Scotia,Zone 1 - Western,2022-03-07,0.0,6943.0,0.0,29.0,608.0,2.0,283.0,2.0,40.42857142857143,0.2857142857142857
Nova Scotia,Zone 1 - Western,2022-03-08,0.0,6943.0,0.0,29.0,549.0,2.0,230.0,2.0,32.857142857142854,0.2857142857142857
Nova Scotia,Zone 1 - Western,2022-03-09,0.0,6943.0,0.0,29.0,503.0,2.0,155.0,1.0,22.142857142857142,0.14285714285714285
Nova Scotia,Zone 1 - Western,2022-03-10,0.0,6943.0,0.0,29.0,473.0,2.0,70.0,1.0,10.0,0.14285714285714285
Nova Scotia,Zone 1 - Western,2022-03-11,0.0,6943.0,0.0,29.0,434.0,2.0,0.0,0.0,0.0,0.0
Nova Scotia,Zone 1 - Western,2022-03-12,0.0,6943.0,0.0,29.0,378.0,2.0,0.0,0.0,0.0,0.0
Nova Scotia,Zone 1 - Western,2022-03-13,0.0,6943.0,0.0,29.0,312.0,2.0,0.0,0.0,0.0,0.0
Nova Scotia,Zone 2 - Northern,2022-03-07,0.0,5550.0,0.0,20.0,586.0,6.0,245.0,2.0,35.0,0.2857142857142857
Nova Scotia,Zone 2 - Northern,2022-03-08,0.0,5550.0,0.0,20.0,532.0,5.0,211.0,2.0,30.142857142857142,0.2857142857142857
Nova Scotia,Zone 2 - Northern,2022-03-09,0.0,5550.0,0.0,20.0,493.0,5.0,148.0,2.0,21.142857142857142,0.2857142857142857
Nova Scotia,Zone 2 - Northern,2022-03-10,0.0,5550.0,0.0,20.0,444.0,5.0,43.0,2.0,6.142857142857143,0.2857142857142857
Nova Scotia,Zone 2 - Northern,2022-03-11,0.0,5550.0,0.0,20.0,419.0,5.0,0.0,0.0,0.0,0.0
Nova Scotia,Zone 2 - Northern,2022-03-12,0.0,5550.0,0.0,20.0,366.0,5.0,0.0,0.0,0.0,0.0
Nova Scotia,Zone 2 - Northern,2022-03-13,0.0,5550.0,0.0,20.0,302.0,5.0,0.0,0.0,0.0,0.0
Nova Scotia,Zone 3 - Eastern,2022-03-07,0.0,7184.0,0.0,26.0,582.0,6.0,265.0,4.0,37.857142857142854,0.5714285714285714
Nova Scotia,Zone 3 - Eastern,2022-03-08,0.0,7184.0,0.0,26.0,535.0,6.0,232.0,4.0,33.142857142857146,0.5714285714285714
Nova Scotia,Zone 3 - Eastern,2022-03-09,0.0,7184.0,0.0,26.0,483.0,6.0,152.0,3.0,21.714285714285715,0.42857142857142855
Nova Scotia,Zone 3 - Eastern,2022-03-10,0.0,7184.0,0.0,26.0,440.0,6.0,64.0,1.0,9.142857142857142,0.14285714285714285
Nova Scotia,Zone 3 - Eastern,2022-03-11,0.0,7184.0,0.0,26.0,398.0,4.0,0.0,0.0,0.0,0.0
Nova Scotia,Zone 3 - Eastern,2022-03-12,0.0,7184.0,0.0,26.0,353.0,4.0,0.0,0.0,0.0,0.0
Nova Scotia,Zone 3 - Eastern,2022-03-13,0.0,7184.0,0.0,26.0,289.0,4.0,0.0,0.0,0.0,0.0
Nova Scotia,Zone 4 - Central,2022-03-07,0.0,27564.0,0.0,135.0,1225.0,11.0,501.0,5.0,71.57142857142857,0.7142857142857143
Nova Scotia,Zone 4 - Central,2022-03-08,0.0,27564.0,0.0,135.0,1122.0,9.0,404.0,3.0,57.714285714285715,0.42857142857142855
Nova Scotia,Zone 4 - Central,2022-03-09,0.0,27564.0,0.0,135.0,1059.0,9.0,260.0,1.0,37.142857142857146,0.14285714285714285
Nova Scotia,Zone 4 - Central,2022-03-10,0.0,27564.0,0.0,135.0,994.0,9.0,117.0,0.0,16.714285714285715,0.0
Nova Scotia,Zone 4 - Central,2022-03-11,0.0,27564.0,0.0,135.0,930.0,9.0,0.0,0.0,0.0,0.0
Nova Scotia,Zone 4 - Central,2022-03-12,0.0,27564.0,0.0,135.0,762.0,9.0,0.0,0.0,0.0,0.0
Nova Scotia,Zone 4 - Central,2022-03-13,0.0,27564.0,0.0,135.0,634.0,9.0,0.0,0.0,0.0,0.0
Nunavut,Nunavut,2022-03-07,108.0,3163.0,0.0,5.0,636.0,0.0,350.0,0.0,50.0,0.0
Nunavut,Nunavut,2022-03-08,7.0,3170.0,0.0,5.0,643.0,0.0,357.0,0.0,51.0,0.0
Nunavut,Nunavut,2022-03-09,30.0,3200.0,0.0,5.0,580.0,0.0,246.0,0.0,35.142857142857146,0.0
Nunavut,Nunavut,2022-03-10,0.0,3200.0,0.0,5.0,532.0,0.0,246.0,0.0,35.142857142857146,0.0
Nunavut,Nunavut,2022-03-11,65.0,3265.0,0.0,5.0,597.0,0.0,210.0,0.0,30.0,0.0
Nunavut,Nunavut,2022-03-12,0.0,3265.0,0.0,5.0,597.0,0.0,210.0,0.0,30.0,0.0
Nunavut,Nunavut,2022-03-13,0.0,3265.0,0.0,5.0,597.0,0.0,210.0,0.0,30.0,0.0
Ontario,Algoma,2022-03-07,106.0,5490.0,0.0,35.0,734.0,6.0,334.0,2.0,47.714285714285715,0.2857142857142857
Ontario,Algoma,2022-03-08,67.0,5557.0,2.0,37.0,701.0,8.0,337.0,4.0,48.142857142857146,0.5714285714285714
Ontario,Algoma,2022-03-09,52.0,5609.0,1.0,38.0,691.0,8.0,325.0,4.0,46.42857142857143,0.5714285714285714
Ontario,Algoma,2022-03-10,32.0,5641.0,0.0,38.0,665.0,8.0,307.0,4.0,43.857142857142854,0.5714285714285714
Ontario,Algoma,2022-03-11,66.0,5707.0,1.0,39.0,680.0,9.0,323.0,4.0,46.142857142857146,0.5714285714285714
Ontario,Algoma,2022-03-12,0.0,5707.0,0.0,39.0,625.0,8.0,323.0,4.0,46.142857142857146,0.5714285714285714
Ontario,Algoma,2022-03-13,0.0,5707.0,0.0,39.0,596.0,8.0,323.0,4.0,46.142857142857146,0.5714285714285714
Ontario,Brant,2022-03-07,23.0,8433.0,0.0,66.0,176.0,4.0,74.0,1.0,10.571428571428571,0.14285714285714285
Ontario,Brant,2022-03-08,7.0,8440.0,0.0,66.0,176.0,3.0,70.0,1.0,10.0,0.14285714285714285
Ontario,Brant,2022-03-09,24.0,8464.0,0.0,66.0,188.0,2.0,77.0,1.0,11.0,0.14285714285714285
Ontario,Brant,2022-03-10,21.0,8485.0,0.0,66.0,207.0,2.0,81.0,1.0,11.571428571428571,0.14285714285714285
Ontario,Brant,2022-03-11,14.0,8499.0,0.0,66.0,187.0,1.0,89.0,0.0,12.714285714285714,0.0
Ontario,Brant,2022-03-12,0.0,8499.0,0.0,66.0,187.0,1.0,89.0,0.0,12.714285714285714,0.0
Ontario,Brant,2022-03-13,0.0,8499.0,0.0,66.0,187.0,1.0,89.0,0.0,12.714285714285714,0.0
Ontario,Chatham-Kent,2022-03-07,8.0,6979.0,0.0,72.0,289.0,1.0,126.0,0.0,18.0,0.0
Ontario,Chatham-Kent,2022-03-08,14.0,6993.0,0.0,72.0,272.0,1.0,124.0,0.0,17.714285714285715,0.0
Ontario,Chatham-Kent,2022-03-09,17.0,7010.0,1.0,73.0,279.0,2.0,129.0,1.0,18.428571428571427,0.14285714285714285
Ontario,Chatham-Kent,2022-03-10,9.0,7019.0,0.0,73.0,262.0,1.0,95.0,1.0,13.571428571428571,0.14285714285714285
Ontario,Chatham-Kent,2022-03-11,9.0,7028.0,-7.0,66.0,248.0,-6.0,92.0,-6.0,13.142857142857142,-0.8571428571428571
Ontario,Chatham-Kent,2022-03-12,14.0,7042.0,0.0,66.0,230.0,-6.0,87.0,-6.0,12.428571428571429,-0.8571428571428571
Ontario,Chatham-Kent,2022-03-13,15.0,7057.0,0.0,66.0,232.0,-6.0,86.0,-6.0,12.285714285714286,-0.8571428571428571
Ontario,Durham,2022-03-07,197.0,53637.0,1.0,445.0,1447.0,10.0,597.0,2.0,85.28571428571429,0.2857142857142857
Ontario,Durham,2022-03-08,66.0,53703.0,2.0,447.0,1212.0,9.0,586.0,4.0,83.71428571428571,0.5714285714285714
Ontario,Durham,2022-03-09,118.0,53821.0,0.0,447.0,1253.0,8.0,602.0,4.0,86.0,0.5714285714285714
Ontario,Durham,2022-03-10,126.0,53947.0,1.0,448.0,1246.0,7.0,578.0,4.0,82.57142857142857,0.5714285714285714
Ontario,Durham,2022-03-11,148.0,54095.0,-4.0,444.0,1314.0,3.0,655.0,0.0,93.57142857142857,0.0
Ontario,Durham,2022-03-12,0.0,54095.0,0.0,444.0,1314.0,3.0,655.0,0.0,93.57142857142857,0.0
Ontario,Durham,2022-03-13,0.0,54095.0,0.0,444.0,1314.0,3.0,655.0,0.0,93.57142857142857,0.0
Ontario,Eastern,2022-03-07,11.0,13751.0,0.0,212.0,320.0,9.0,136.0,3.0,19.428571428571427,0.42857142857142855
Ontario,Eastern,2022-03-08,7.0,13758.0,-2.0,210.0,299.0,6.0,134.0,0.0,19.142857142857142,0.0
Ontario,Eastern,2022-03-09,21.0,13779.0,0.0,210.0,310.0,6.0,135.0,-2.0,19.285714285714285,-0.2857142857142857
Ontario,Eastern,2022-03-10,24.0,13803.0,1.0,211.0,301.0,6.0,133.0,-1.0,19.0,-0.14285714285714285
Ontario,Eastern,2022-03-11,10.0,13813.0,-20.0,191.0,272.0,-14.0,109.0,-21.0,15.571428571428571,-3.0
Ontario,Eastern,2022-03-12,22.0,13835.0,0.0,191.0,264.0,-18.0,116.0,-21.0,16.571428571428573,-3.0
Ontario,Eastern,2022-03-13,27.0,13862.0,1.0,192.0,255.0,-17.0,122.0,-20.0,17.428571428571427,-2.857142857142857
Ontario,Grey Bruce,2022-03-07,16.0,6417.0,0.0,52.0,369.0,4.0,166.0,2.0,23.714285714285715,0.2857142857142857
Ontario,Grey Bruce,2022-03-08,13.0,6430.0,1.0,53.0,359.0,5.0,168.0,3.0,24.0,0.42857142857142855
Ontario,Grey Bruce,2022-03-09,20.0,6450.0,0.0,53.0,354.0,5.0,172.0,3.0,24.571428571428573,0.42857142857142855
Ontario,Grey Bruce,2022-03-10,38.0,6488.0,1.0,54.0,370.0,5.0,171.0,4.0,24.428571428571427,0.5714285714285714
Ontario,Grey Bruce,2022-03-11,54.0,6542.0,-1.0,53.0,379.0,4.0,197.0,3.0,28.142857142857142,0.42857142857142855
Ontario,Grey Bruce,2022-03-12,25.0,6567.0,0.0,53.0,371.0,3.0,192.0,1.0,27.428571428571427,0.14285714285714285
Ontario,Grey Bruce,2022-03-13,29.0,6596.0,0.0,53.0,375.0,3.0,195.0,1.0,27.857142857142858,0.14285714285714285
Ontario,Haldimand-Norfolk,2022-03-07,2.0,7129.0,0.0,86.0,240.0,2.0,107.0,1.0,15.285714285714286,0.14285714285714285
Ontario,Haldimand-Norfolk,2022-03-08,21.0,7150.0,0.0,86.0,239.0,2.0,120.0,1.0,17.142857142857142,0.14285714285714285
Ontario,Haldimand-Norfolk,2022-03-09,15.0,7165.0,0.0,86.0,232.0,2.0,115.0,1.0,16.428571428571427,0.14285714285714285
Ontario,Haldimand-Norfolk,2022-03-10,20.0,7185.0,0.0,86.0,220.0,2.0,116.0,1.0,16.571428571428573,0.14285714285714285
Ontario,Haldimand-Norfolk,2022-03-11,20.0,7205.0,-12.0,74.0,226.0,-10.0,113.0,-12.0,16.142857142857142,-1.7142857142857142
Ontario,Haldimand-Norfolk,2022-03-12,14.0,7219.0,0.0,74.0,225.0,-11.0,110.0,-12.0,15.714285714285714,-1.7142857142857142
Ontario,Haldimand-Norfolk,2022-03-13,8.0,7227.0,0.0,74.0,214.0,-11.0,100.0,-12.0,14.285714285714286,-1.7142857142857142
Ontario,Haliburton Kawartha Pineridge,2022-03-07,50.0,7216.0,1.0,106.0,350.0,6.0,155.0,2.0,22.142857142857142,0.2857142857142857
Ontario,Haliburton Kawartha Pineridge,2022-03-08,16.0,7232.0,0.0,106.0,304.0,5.0,150.0,1.0,21.428571428571427,0.14285714285714285
Ontario,Haliburton Kawartha Pineridge,2022-03-09,24.0,7256.0,1.0,107.0,300.0,4.0,136.0,2.0,19.428571428571427,0.2857142857142857
Ontario,Haliburton Kawartha Pineridge,2022-03-10,29.0,7285.0,0.0,107.0,303.0,4.0,136.0,2.0,19.428571428571427,0.2857142857142857
Ontario,Haliburton Kawartha Pineridge,2022-03-11,17.0,7302.0,-3.0,104.0,291.0,0.0,136.0,-1.0,19.428571428571427,-0.14285714285714285
Ontario,Haliburton Kawartha Pineridge,2022-03-12,0.0,7302.0,0.0,104.0,291.0,0.0,136.0,-1.0,19.428571428571427,-0.14285714285714285
Ontario,Haliburton Kawartha Pineridge,2022-03-13,0.0,7302.0,0.0,104.0,291.0,0.0,136.0,-1.0,19.428571428571427,-0.14285714285714285
Ontario,Halton,2022-03-07,34.0,42668.0,0.0,340.0,799.0,3.0,408.0,1.0,58.285714285714285,0.14285714285714285
Ontario,Halton,2022-03-08,38.0,42706.0,0.0,340.0,792.0,3.0,404.0,1.0,57.714285714285715,0.14285714285714285
Ontario,Halton,2022-03-09,60.0,42766.0,1.0,341.0,814.0,4.0,410.0,2.0,58.57142857142857,0.2857142857142857
Ontario,Halton,2022-03-10,65.0,42831.0,0.0,341.0,806.0,4.0,383.0,2.0,54.714285714285715,0.2857142857142857
Ontario,Halton,2022-03-11,82.0,42913.0,-36.0,305.0,828.0,-33.0,395.0,-34.0,56.42857142857143,-4.857142857142857
Ontario,Halton,2022-03-12,92.0,43005.0,0.0,305.0,849.0,-34.0,424.0,-34.0,60.57142857142857,-4.857142857142857
Ontario,Halton,2022-03-13,70.0,43075.0,1.0,306.0,850.0,-33.0,441.0,-34.0,63.0,-4.857142857142857
Ontario,Hamilton,2022-03-07,175.0,49073.0,1.0,527.0,1023.0,16.0,432.0,7.0,61.714285714285715,1.0
Ontario,Hamilton,2022-03-08,48.0,49121.0,0.0,527.0,849.0,10.0,440.0,5.0,62.857142857142854,0.7142857142857143
Ontario,Hamilton,2022-03-09,70.0,49191.0,0.0,527.0,874.0,8.0,433.0,3.0,61.857142857142854,0.42857142857142855
Ontario,Hamilton,2022-03-10,79.0,49270.0,2.0,529.0,890.0,10.0,435.0,5.0,62.142857142857146,0.7142857142857143
Ontario,Hamilton,2022-03-11,136.0,49406.0,-1.0,528.0,949.0,9.0,508.0,2.0,72.57142857142857,0.2857142857142857
Ontario,Hamilton,2022-03-12,0.0,49406.0,0.0,528.0,949.0,9.0,508.0,2.0,72.57142857142857,0.2857142857142857
Ontario,Hamilton,2022-03-13,0.0,49406.0,0.0,528.0,949.0,9.0,508.0,2.0,72.57142857142857,0.2857142857142857
Ontario,Hastings Prince Edward,2022-03-07,63.0,7059.0,0.0,44.0,447.0,7.0,128.0,5.0,18.285714285714285,0.7142857142857143
Ontario,Hastings Prince Edward,2022-03-08,0.0,7059.0,0.0,44.0,447.0,7.0,128.0,5.0,18.285714285714285,0.7142857142857143
Ontario,Hastings Prince Edward,2022-03-09,49.0,7108.0,0.0,44.0,331.0,6.0,145.0,3.0,20.714285714285715,0.42857142857142855
Ontario,Hastings Prince Edward,2022-03-10,0.0,7108.0,0.0,44.0,331.0,6.0,145.0,3.0,20.714285714285715,0.42857142857142855
Ontario,Hastings Prince Edward,2022-03-11,72.0,7180.0,0.0,44.0,309.0,5.0,184.0,0.0,26.285714285714285,0.0
Ontario,Hastings Prince Edward,2022-03-12,0.0,7180.0,0.0,44.0,309.0,5.0,184.0,0.0,26.285714285714285,0.0
Ontario,Hastings Prince Edward,2022-03-13,0.0,7180.0,0.0,44.0,309.0,5.0,184.0,0.0,26.285714285714285,0.0
Ontario,Huron Perth,2022-03-07,3.0,5777.0,0.0,98.0,199.0,2.0,91.0,1.0,13.0,0.14285714285714285
Ontario,Huron Perth,2022-03-08,6.0,5783.0,0.0,98.0,186.0,2.0,94.0,1.0,13.428571428571429,0.14285714285714285
Ontario,Huron Perth,2022-03-09,11.0,5794.0,0.0,98.0,182.0,2.0,85.0,1.0,12.142857142857142,0.14285714285714285
Ontario,Huron Perth,2022-03-10,26.0,5820.0,0.0,98.0,190.0,2.0,93.0,0.0,13.285714285714286,0.0
Ontario,Huron Perth,2022-03-11,13.0,5833.0,-4.0,94.0,179.0,-2.0,94.0,-4.0,13.428571428571429,-0.5714285714285714
Ontario,Huron Perth,2022-03-12,12.0,5845.0,0.0,94.0,179.0,-2.0,88.0,-4.0,12.571428571428571,-0.5714285714285714
Ontario,Huron Perth,2022-03-13,29.0,5874.0,0.0,94.0,197.0,-3.0,100.0,-4.0,14.285714285714286,-0.5714285714285714
Ontario,Kingston Frontenac Lennox & Addington,2022-03-07,168.0,10761.0,0.0,33.0,1137.0,2.0,484.0,1.0,69.14285714285714,0.14285714285714285
Ontario,Kingston Frontenac Lennox & Addington,2022-03-08,0.0,10761.0,0.0,33.0,1137.0,2.0,484.0,1.0,69.14285714285714,0.14285714285714285
Ontario,Kingston Frontenac Lennox & Addington,2022-03-09,127.0,10888.0,1.0,34.0,983.0,3.0,438.0,2.0,62.57142857142857,0.2857142857142857
Ontario,Kingston Frontenac Lennox & Addington,2022-03-10,0.0,10888.0,0.0,34.0,983.0,3.0,438.0,2.0,62.57142857142857,0.2857142857142857
Ontario,Kingston Frontenac Lennox & Addington,2022-03-11,217.0,11105.0,0.0,34.0,1025.0,2.0,512.0,1.0,73.14285714285714,0.14285714285714285
Ontario,Kingston Frontenac Lennox & Addington,2022-03-12,0.0,11105.0,0.0,34.0,1025.0,2.0,512.0,1.0,73.14285714285714,0.14285714285714285
Ontario,Kingston Frontenac Lennox & Addington,2022-03-13,0.0,11105.0,0.0,34.0,1025.0,2.0,512.0,1.0,73.14285714285714,0.14285714285714285
Ontario,Lambton,2022-03-07,12.0,9844.0,0.0,129.0,264.0,5.0,129.0,2.0,18.428571428571427,0.2857142857142857
Ontario,Lambton,2022-03-08,8.0,9852.0,2.0,131.0,260.0,6.0,125.0,4.0,17.857142857142858,0.5714285714285714
Ontario,Lambton,2022-03-09,25.0,9877.0,0.0,131.0,266.0,5.0,143.0,4.0,20.428571428571427,0.5714285714285714
Ontario,Lambton,2022-03-10,26.0,9903.0,1.0,132.0,284.0,5.0,134.0,5.0,19.142857142857142,0.7142857142857143
Ontario,Lambton,2022-03-11,25.0,9928.0,-4.0,128.0,280.0,1.0,139.0,1.0,19.857142857142858,0.14285714285714285
Ontario,Lambton,2022-03-12,14.0,9942.0,1.0,129.0,257.0,2.0,131.0,0.0,18.714285714285715,0.0
Ontario,Lambton,2022-03-13,9.0,9951.0,0.0,129.0,250.0,2.0,119.0,0.0,17.0,0.0
Ontario,Leeds Grenville and Lanark,2022-03-07,15.0,6866.0,0.0,83.0,356.0,2.0,135.0,0.0,19.285714285714285,0.0
Ontario,Leeds Grenville and Lanark,2022-03-08,12.0,6878.0,0.0,83.0,316.0,2.0,140.0,0.0,20.0,0.0
Ontario,Leeds Grenville and Lanark,2022-03-09,17.0,6895.0,1.0,84.0,315.0,3.0,136.0,1.0,19.428571428571427,0.14285714285714285
Ontario,Leeds Grenville and Lanark,2022-03-10,29.0,6924.0,0.0,84.0,294.0,3.0,134.0,1.0,19.142857142857142,0.14285714285714285
Ontario,Leeds Grenville and Lanark,2022-03-11,33.0,6957.0,0.0,84.0,289.0,3.0,140.0,1.0,20.0,0.14285714285714285
Ontario,Leeds Grenville and Lanark,2022-03-12,23.0,6980.0,0.0,84.0,287.0,3.0,143.0,1.0,20.428571428571427,0.14285714285714285
Ontario,Leeds Grenville and Lanark,2022-03-13,13.0,6993.0,0.0,84.0,272.0,1.0,142.0,1.0,20.285714285714285,0.14285714285714285
Ontario,Middlesex-London,2022-03-07,174.0,32181.0,0.0,351.0,1002.0,14.0,424.0,2.0,60.57142857142857,0.2857142857142857
Ontario,Middlesex-London,2022-03-08,62.0,32243.0,2.0,353.0,864.0,12.0,444.0,4.0,63.42857142857143,0.5714285714285714
Ontario,Middlesex-London,2022-03-09,91.0,32334.0,0.0,353.0,917.0,4.0,456.0,3.0,65.14285714285714,0.42857142857142855
Ontario,Middlesex-London,2022-03-10,84.0,32418.0,0.0,353.0,905.0,4.0,473.0,3.0,67.57142857142857,0.42857142857142855
Ontario,Middlesex-London,2022-03-11,83.0,32501.0,-1.0,352.0,911.0,3.0,494.0,1.0,70.57142857142857,0.14285714285714285
Ontario,Middlesex-London,2022-03-12,0.0,32501.0,0.0,352.0,911.0,3.0,494.0,1.0,70.57142857142857,0.14285714285714285
Ontario,Middlesex-London,2022-03-13,0.0,32501.0,0.0,352.0,911.0,3.0,494.0,1.0,70.57142857142857,0.14285714285714285
Ontario,Niagara,2022-03-07,23.0,34487.0,0.0,519.0,927.0,10.0,467.0,1.0,66.71428571428571,0.14285714285714285
Ontario,Niagara,2022-03-08,68.0,34555.0,0.0,519.0,955.0,10.0,494.0,1.0,70.57142857142857,0.14285714285714285
Ontario,Niagara,2022-03-09,94.0,34649.0,0.0,519.0,995.0,10.0,470.0,1.0,67.14285714285714,0.14285714285714285
Ontario,Niagara,2022-03-10,79.0,34728.0,0.0,519.0,973.0,8.0,485.0,0.0,69.28571428571429,0.0
Ontario,Niagara,2022-03-11,91.0,34819.0,0.0,519.0,965.0,1.0,510.0,0.0,72.85714285714286,0.0
Ontario,Niagara,2022-03-12,59.0,34878.0,2.0,521.0,954.0,3.0,472.0,2.0,67.42857142857143,0.2857142857142857
Ontario,Niagara,2022-03-13,54.0,34932.0,0.0,521.0,942.0,3.0,468.0,2.0,66.85714285714286,0.2857142857142857
Ontario,North Bay Parry Sound,2022-03-07,46.0,4024.0,0.0,23.0,550.0,2.0,209.0,0.0,29.857142857142858,0.0
Ontario,North Bay Parry Sound,2022-03-08,20.0,4044.0,0.0,23.0,447.0,2.0,180.0,0.0,25.714285714285715,0.0
Ontario,North Bay Parry Sound,2022-03-09,30.0,4074.0,1.0,24.0,423.0,2.0,178.0,1.0,25.428571428571427,0.14285714285714285
Ontario,North Bay Parry Sound,2022-03-10,26.0,4100.0,0.0,24.0,407.0,2.0,140.0,1.0,20.0,0.14285714285714285
Ontario,North Bay Parry Sound,2022-03-11,27.0,4127.0,0.0,24.0,397.0,1.0,149.0,1.0,21.285714285714285,0.14285714285714285
Ontario,North Bay Parry Sound,2022-03-12,0.0,4127.0,0.0,24.0,397.0,1.0,149.0,1.0,21.285714285714285,0.14285714285714285
Ontario,North Bay Parry Sound,2022-03-13,0.0,4127.0,0.0,24.0,397.0,1.0,149.0,1.0,21.285714285714285,0.14285714285714285
Ontario,Northwestern,2022-03-07,107.0,5257.0,0.0,21.0,866.0,4.0,361.0,1.0,51.57142857142857,0.14285714285714285
Ontario,Northwestern,2022-03-08,0.0,5257.0,0.0,21.0,687.0,3.0,361.0,1.0,51.57142857142857,0.14285714285714285
Ontario,Northwestern,2022-03-09,95.0,5352.0,0.0,21.0,746.0,2.0,347.0,0.0,49.57142857142857,0.0
Ontario,Northwestern,2022-03-10,0.0,5352.0,0.0,21.0,746.0,2.0,347.0,0.0,49.57142857142857,0.0
Ontario,Northwestern,2022-03-11,82.0,5434.0,1.0,22.0,628.0,2.0,284.0,1.0,40.57142857142857,0.14285714285714285
Ontario,Northwestern,2022-03-12,0.0,5434.0,0.0,22.0,628.0,2.0,284.0,1.0,40.57142857142857,0.14285714285714285
Ontario,Northwestern,2022-03-13,0.0,5434.0,0.0,22.0,628.0,2.0,284.0,1.0,40.57142857142857,0.14285714285714285
Ontario,Not Reported,2022-03-07,0.0,0.0,0.0,0.0,0.0,0.0,0.0,0.0,0.0,0.0
Ontario,Not Reported,2022-03-08,0.0,0.0,0.0,0.0,0.0,0.0,0.0,0.0,0.0,0.0
Ontario,Not Reported,2022-03-09,0.0,0.0,0.0,0.0,0.0,0.0,0.0,0.0,0.0,0.0
Ontario,Not Reported,2022-03-10,0.0,0.0,0.0,0.0,0.0,0.0,0.0,0.0,0.0,0.0
Ontario,Not Reported,2022-03-11,0.0,0.0,0.0,0.0,0.0,0.0,0.0,0.0,0.0,0.0
Ontario,Not Reported,2022-03-12,0.0,0.0,0.0,0.0,0.0,0.0,0.0,0.0,0.0,0.0
Ontario,Not Reported,2022-03-13,0.0,0.0,0.0,0.0,0.0,0.0,0.0,0.0,0.0,0.0
Ontario,Ottawa,2022-03-07,69.0,63472.0,1.0,750.0,1621.0,-2.0,769.0,9.0,109.85714285714286,1.2857142857142858
Ontario,Ottawa,2022-03-08,89.0,63561.0,1.0,751.0,1606.0,-1.0,808.0,9.0,115.42857142857143,1.2857142857142858
Ontario,Ottawa,2022-03-09,170.0,63731.0,0.0,751.0,1694.0,-3.0,851.0,9.0,121.57142857142857,1.2857142857142858
Ontario,Ottawa,2022-03-10,134.0,63865.0,1.0,752.0,1641.0,-2.0,819.0,9.0,117.0,1.2857142857142858
Ontario,Ottawa,2022-03-11,162.0,64027.0,0.0,752.0,1675.0,12.0,841.0,6.0,120.14285714285714,0.8571428571428571
Ontario,Ottawa,2022-03-12,0.0,64027.0,0.0,752.0,1535.0,12.0,721.0,4.0,103.0,0.5714285714285714
Ontario,Ottawa,2022-03-13,0.0,64027.0,0.0,752.0,1390.0,11.0,624.0,3.0,89.14285714285714,0.42857142857142855
Ontario,Peel,2022-03-07,64.0,176198.0,2.0,1238.0,3030.0,46.0,2149.0,28.0,307.0,4.0
Ontario,Peel,2022-03-08,167.0,176365.0,9.0,1247.0,3122.0,54.0,2203.0,36.0,314.7142857142857,5.142857142857143
Ontario,Peel,2022-03-09,164.0,176529.0,4.0,1251.0,3103.0,52.0,2229.0,34.0,318.42857142857144,4.857142857142857
Ontario,Peel,2022-03-10,113.0,176642.0,11.0,1262.0,3096.0,59.0,2256.0,40.0,322.2857142857143,5.714285714285714
Ontario,Peel,2022-03-11,159.0,176801.0,11.0,1273.0,3055.0,65.0,860.0,43.0,122.85714285714286,6.142857142857143
Ontario,Peel,2022-03-12,0.0,176801.0,0.0,1273.0,2880.0,64.0,724.0,37.0,103.42857142857143,5.285714285714286
Ontario,Peel,2022-03-13,0.0,176801.0,0.0,1273.0,2813.0,64.0,667.0,37.0,95.28571428571429,5.285714285714286
Ontario,Peterborough,2022-03-07,17.0,5715.0,0.0,61.0,295.0,4.0,82.0,2.0,11.714285714285714,0.2857142857142857
Ontario,Peterborough,2022-03-08,28.0,5743.0,0.0,61.0,256.0,4.0,94.0,2.0,13.428571428571429,0.2857142857142857
Ontario,Peterborough,2022-03-09,19.0,5762.0,0.0,61.0,242.0,2.0,97.0,2.0,13.857142857142858,0.2857142857142857
Ontario,Peterborough,2022-03-10,22.0,5784.0,0.0,61.0,219.0,2.0,109.0,1.0,15.571428571428571,0.14285714285714285
Ontario,Peterborough,2022-03-11,20.0,5804.0,-3.0,58.0,219.0,-1.0,106.0,-3.0,15.142857142857142,-0.42857142857142855
Ontario,Peterborough,2022-03-12,0.0,5804.0,0.0,58.0,219.0,-1.0,106.0,-3.0,15.142857142857142,-0.42857142857142855
Ontario,Peterborough,2022-03-13,0.0,5804.0,0.0,58.0,219.0,-1.0,106.0,-3.0,15.142857142857142,-0.42857142857142855
Ontario,Porcupine,2022-03-07,96.0,5736.0,0.0,47.0,637.0,3.0,211.0,1.0,30.142857142857142,0.14285714285714285
Ontario,Porcupine,2022-03-08,27.0,5763.0,0.0,47.0,508.0,3.0,223.0,1.0,31.857142857142858,0.14285714285714285
Ontario,Porcupine,2022-03-09,42.0,5805.0,0.0,47.0,506.0,3.0,238.0,0.0,34.0,0.0
Ontario,Porcupine,2022-03-10,29.0,5834.0,2.0,49.0,470.0,5.0,234.0,2.0,33.42857142857143,0.2857142857142857
Ontario,Porcupine,2022-03-11,41.0,5875.0,0.0,49.0,444.0,3.0,235.0,2.0,33.57142857142857,0.2857142857142857
Ontario,Porcupine,2022-03-12,0.0,5875.0,0.0,49.0,444.0,3.0,235.0,2.0,33.57142857142857,0.2857142857142857
Ontario,Porcupine,2022-03-13,0.0,5875.0,0.0,49.0,444.0,3.0,235.0,2.0,33.57142857142857,0.2857142857142857
Ontario,Renfrew,2022-03-07,36.0,3436.0,0.0,33.0,226.0,4.0,92.0,0.0,13.142857142857142,0.0
Ontario,Renfrew,2022-03-08,2.0,3438.0,0.0,33.0,178.0,4.0,91.0,0.0,13.0,0.0
Ontario,Renfrew,2022-03-09,15.0,3453.0,0.0,33.0,184.0,2.0,94.0,0.0,13.428571428571429,0.0
Ontario,Renfrew,2022-03-10,35.0,3488.0,0.0,33.0,201.0,1.0,112.0,0.0,16.0,0.0
Ontario,Renfrew,2022-03-11,10.0,3498.0,1.0,34.0,195.0,2.0,98.0,1.0,14.0,0.14285714285714285
Ontario,Renfrew,2022-03-12,0.0,3498.0,0.0,34.0,195.0,2.0,98.0,1.0,14.0,0.14285714285714285
Ontario,Renfrew,2022-03-13,0.0,3498.0,0.0,34.0,195.0,2.0,98.0,1.0,14.0,0.14285714285714285
Ontario,Simcoe Muskoka,2022-03-07,164.0,36076.0,6.0,418.0,1644.0,26.0,818.0,14.0,116.85714285714286,2.0
Ontario,Simcoe Muskoka,2022-03-08,109.0,36185.0,2.0,420.0,1520.0,27.0,781.0,10.0,111.57142857142857,1.4285714285714286
Ontario,Simcoe Muskoka,2022-03-09,75.0,36260.0,1.0,421.0,1519.0,25.0,691.0,9.0,98.71428571428571,1.2857142857142858
Ontario,Simcoe Muskoka,2022-03-10,63.0,36323.0,1.0,422.0,1456.0,25.0,566.0,10.0,80.85714285714286,1.4285714285714286
Ontario,Simcoe Muskoka,2022-03-11,124.0,36447.0,0.0,422.0,1424.0,20.0,535.0,10.0,76.42857142857143,1.4285714285714286
Ontario,Simcoe Muskoka,2022-03-12,0.0,36447.0,0.0,422.0,1424.0,20.0,535.0,10.0,76.42857142857143,1.4285714285714286
Ontario,Simcoe Muskoka,2022-03-13,0.0,36447.0,0.0,422.0,1424.0,20.0,535.0,10.0,76.42857142857143,1.4285714285714286
Ontario,Southwestern,2022-03-07,57.0,11356.0,0.0,149.0,389.0,4.0,144.0,0.0,20.571428571428573,0.0
Ontario,Southwestern,2022-03-08,0.0,11356.0,0.0,149.0,389.0,4.0,144.0,0.0,20.571428571428573,0.0
Ontario,Southwestern,2022-03-09,61.0,11417.0,0.0,149.0,346.0,1.0,173.0,0.0,24.714285714285715,0.0
Ontario,Southwestern,2022-03-10,0.0,11417.0,0.0,149.0,346.0,1.0,173.0,0.0,24.714285714285715,0.0
Ontario,Southwestern,2022-03-11,42.0,11459.0,2.0,151.0,316.0,2.0,160.0,2.0,22.857142857142858,0.2857142857142857
Ontario,Southwestern,2022-03-12,0.0,11459.0,0.0,151.0,316.0,2.0,160.0,2.0,22.857142857142858,0.2857142857142857
Ontario,Southwestern,2022-03-13,0.0,11459.0,0.0,151.0,316.0,2.0,160.0,2.0,22.857142857142858,0.2857142857142857
Ontario,Sudbury,2022-03-07,161.0,11887.0,1.0,111.0,1160.0,7.0,431.0,3.0,61.57142857142857,0.42857142857142855
Ontario,Sudbury,2022-03-08,0.0,11887.0,0.0,111.0,922.0,5.0,431.0,3.0,61.57142857142857,0.42857142857142855
Ontario,Sudbury,2022-03-09,138.0,12025.0,0.0,111.0,950.0,5.0,422.0,2.0,60.285714285714285,0.2857142857142857
Ontario,Sudbury,2022-03-10,0.0,12025.0,0.0,111.0,950.0,5.0,422.0,2.0,60.285714285714285,0.2857142857142857
Ontario,Sudbury,2022-03-11,121.0,12146.0,7.0,118.0,873.0,11.0,420.0,8.0,60.0,1.1428571428571428
Ontario,Sudbury,2022-03-12,0.0,12146.0,0.0,118.0,873.0,11.0,420.0,8.0,60.0,1.1428571428571428
Ontario,Sudbury,2022-03-13,0.0,12146.0,0.0,118.0,873.0,11.0,420.0,8.0,60.0,1.1428571428571428
Ontario,Thunder Bay,2022-03-07,123.0,9028.0,1.0,80.0,910.0,2.0,325.0,1.0,46.42857142857143,0.14285714285714285
Ontario,Thunder Bay,2022-03-08,0.0,9028.0,0.0,80.0,700.0,2.0,325.0,1.0,46.42857142857143,0.14285714285714285
Ontario,Thunder Bay,2022-03-09,91.0,9119.0,1.0,81.0,675.0,3.0,286.0,2.0,40.857142857142854,0.2857142857142857
Ontario,Thunder Bay,2022-03-10,0.0,9119.0,0.0,81.0,675.0,3.0,286.0,2.0,40.857142857142854,0.2857142857142857
Ontario,Thunder Bay,2022-03-11,90.0,9209.0,1.0,82.0,621.0,3.0,304.0,3.0,43.42857142857143,0.42857142857142855
Ontario,Thunder Bay,2022-03-12,0.0,9209.0,0.0,82.0,621.0,3.0,304.0,3.0,43.42857142857143,0.42857142857142855
Ontario,Thunder Bay,2022-03-13,0.0,9209.0,0.0,82.0,621.0,3.0,304.0,3.0,43.42857142857143,0.42857142857142855
Ontario,Timiskaming,2022-03-07,22.0,1227.0,0.0,13.0,83.0,1.0,51.0,0.0,7.285714285714286,0.0
Ontario,Timiskaming,2022-03-08,36.0,1263.0,0.0,13.0,110.0,1.0,81.0,0.0,11.571428571428571,0.0
Ontario,Timiskaming,2022-03-09,0.0,1263.0,0.0,13.0,104.0,1.0,81.0,0.0,11.571428571428571,0.0
Ontario,Timiskaming,2022-03-10,-18.0,1245.0,0.0,13.0,82.0,1.0,47.0,0.0,6.714285714285714,0.0
Ontario,Timiskaming,2022-03-11,12.0,1257.0,0.0,13.0,89.0,1.0,52.0,0.0,7.428571428571429,0.0
Ontario,Timiskaming,2022-03-12,0.0,1257.0,0.0,13.0,89.0,1.0,52.0,0.0,7.428571428571429,0.0
Ontario,Timiskaming,2022-03-13,0.0,1257.0,0.0,13.0,89.0,1.0,52.0,0.0,7.428571428571429,0.0
Ontario,Toronto,2022-03-07,774.0,289854.0,-1.0,4249.0,4943.0,61.0,2116.0,20.0,302.2857142857143,2.857142857142857
Ontario,Toronto,2022-03-08,380.0,290234.0,15.0,4264.0,4363.0,64.0,2216.0,21.0,316.57142857142856,3.0
Ontario,Toronto,2022-03-09,335.0,290569.0,2.0,4266.0,4360.0,59.0,2216.0,22.0,316.57142857142856,3.142857142857143
Ontario,Toronto,2022-03-10,282.0,290851.0,4.0,4270.0,4294.0,57.0,2152.0,26.0,307.42857142857144,3.7142857142857144
Ontario,Toronto,2022-03-11,322.0,291173.0,-164.0,4106.0,4253.0,-112.0,2093.0,-144.0,299.0,-20.571428571428573
Ontario,Toronto,2022-03-12,0.0,291173.0,0.0,4106.0,4253.0,-112.0,2093.0,-144.0,299.0,-20.571428571428573
Ontario,Toronto,2022-03-13,0.0,291173.0,0.0,4106.0,4253.0,-112.0,2093.0,-144.0,299.0,-20.571428571428573
Ontario,Waterloo,2022-03-07,136.0,40858.0,0.0,400.0,731.0,9.0,345.0,4.0,49.285714285714285,0.5714285714285714
Ontario,Waterloo,2022-03-08,38.0,40896.0,0.0,400.0,713.0,9.0,343.0,3.0,49.0,0.42857142857142855
Ontario,Waterloo,2022-03-09,78.0,40974.0,0.0,400.0,722.0,5.0,359.0,1.0,51.285714285714285,0.14285714285714285
Ontario,Waterloo,2022-03-10,42.0,41016.0,-2.0,398.0,717.0,3.0,348.0,-1.0,49.714285714285715,-0.14285714285714285
Ontario,Waterloo,2022-03-11,53.0,41069.0,0.0,398.0,674.0,3.0,347.0,-2.0,49.57142857142857,-0.2857142857142857
Ontario,Waterloo,2022-03-12,0.0,41069.0,0.0,398.0,674.0,3.0,347.0,-2.0,49.57142857142857,-0.2857142857142857
Ontario,Waterloo,2022-03-13,0.0,41069.0,0.0,398.0,674.0,3.0,347.0,-2.0,49.57142857142857,-0.2857142857142857
Ontario,Wellington Dufferin Guelph,2022-03-07,95.0,18657.0,2.0,161.0,594.0,5.0,236.0,2.0,33.714285714285715,0.2857142857142857
Ontario,Wellington Dufferin Guelph,2022-03-08,6.0,18663.0,0.0,161.0,483.0,5.0,227.0,2.0,32.42857142857143,0.2857142857142857
Ontario,Wellington Dufferin Guelph,2022-03-09,41.0,18704.0,2.0,163.0,487.0,7.0,228.0,4.0,32.57142857142857,0.5714285714285714
Ontario,Wellington Dufferin Guelph,2022-03-10,42.0,18746.0,0.0,163.0,482.0,6.0,223.0,4.0,31.857142857142858,0.5714285714285714
Ontario,Wellington Dufferin Guelph,2022-03-11,37.0,18783.0,0.0,163.0,468.0,5.0,221.0,4.0,31.571428571428573,0.5714285714285714
Ontario,Wellington Dufferin Guelph,2022-03-12,0.0,18783.0,0.0,163.0,468.0,5.0,221.0,4.0,31.571428571428573,0.5714285714285714
Ontario,Wellington Dufferin Guelph,2022-03-13,0.0,18783.0,0.0,163.0,468.0,5.0,221.0,4.0,31.571428571428573,0.5714285714285714
Ontario,Windsor-Essex,2022-03-07,202.0,38152.0,1.0,581.0,1273.0,8.0,506.0,5.0,72.28571428571429,0.7142857142857143
Ontario,Windsor-Essex,2022-03-08,37.0,38189.0,2.0,583.0,1039.0,10.0,496.0,5.0,70.85714285714286,0.7142857142857143
Ontario,Windsor-Essex,2022-03-09,77.0,38266.0,0.0,583.0,1073.0,9.0,486.0,4.0,69.42857142857143,0.5714285714285714
Ontario,Windsor-Essex,2022-03-10,79.0,38345.0,2.0,585.0,1023.0,9.0,477.0,6.0,68.14285714285714,0.8571428571428571
Ontario,Windsor-Essex,2022-03-11,89.0,38434.0,0.0,585.0,1036.0,9.0,484.0,5.0,69.14285714285714,0.7142857142857143
Ontario,Windsor-Essex,2022-03-12,0.0,38434.0,0.0,585.0,1036.0,9.0,484.0,5.0,69.14285714285714,0.7142857142857143
Ontario,Windsor-Essex,2022-03-13,0.0,38434.0,0.0,585.0,1036.0,9.0,484.0,5.0,69.14285714285714,0.7142857142857143
Ontario,York,2022-03-07,170.0,98572.0,3.0,930.0,1387.0,19.0,533.0,14.0,76.14285714285714,2.0
Ontario,York,2022-03-08,104.0,98676.0,1.0,931.0,1196.0,17.0,522.0,15.0,74.57142857142857,2.142857142857143
Ontario,York,2022-03-09,80.0,98756.0,0.0,931.0,1167.0,17.0,517.0,10.0,73.85714285714286,1.4285714285714286
Ontario,York,2022-03-10,111.0,98867.0,1.0,932.0,1184.0,18.0,556.0,9.0,79.42857142857143,1.2857142857142858
Ontario,York,2022-03-11,92.0,98959.0,-3.0,929.0,1183.0,14.0,557.0,2.0,79.57142857142857,0.2857142857142857
Ontario,York,2022-03-12,0.0,98959.0,0.0,929.0,1183.0,14.0,557.0,2.0,79.57142857142857,0.2857142857142857
Ontario,York,2022-03-13,0.0,98959.0,0.0,929.0,1183.0,14.0,557.0,2.0,79.57142857142857,0.2857142857142857
PEI,Prince Edward Island,2022-03-07,1327.0,17623.0,0.0,16.0,5520.0,1.0,3318.0,0.0,474.0,0.0
PEI,Prince Edward Island,2022-03-08,0.0,17623.0,0.0,16.0,5520.0,1.0,3318.0,0.0,474.0,0.0
PEI,Prince Edward Island,2022-03-09,1282.0,18905.0,0.0,16.0,6248.0,1.0,3638.0,0.0,519.7142857142857,0.0
PEI,Prince Edward Island,2022-03-10,0.0,18905.0,0.0,16.0,6248.0,1.0,3638.0,0.0,519.7142857142857,0.0
PEI,Prince Edward Island,2022-03-11,798.0,19703.0,0.0,16.0,6331.0,1.0,3407.0,0.0,486.7142857142857,0.0
PEI,Prince Edward Island,2022-03-12,0.0,19703.0,0.0,16.0,6331.0,1.0,3407.0,0.0,486.7142857142857,0.0
PEI,Prince Edward Island,2022-03-13,0.0,19703.0,0.0,16.0,6331.0,1.0,3407.0,0.0,486.7142857142857,0.0
Quebec,Abitibi-Tmiscamingue,2022-03-07,21.0,7668.0,0.0,68.0,476.0,10.0,227.0,4.0,32.42857142857143,0.5714285714285714
Quebec,Abitibi-Tmiscamingue,2022-03-08,26.0,7694.0,1.0,69.0,452.0,11.0,235.0,4.0,33.57142857142857,0.5714285714285714
Quebec,Abitibi-Tmiscamingue,2022-03-09,51.0,7745.0,1.0,70.0,450.0,10.0,245.0,5.0,35.0,0.7142857142857143
Quebec,Abitibi-Tmiscamingue,2022-03-10,49.0,7794.0,0.0,70.0,458.0,10.0,239.0,4.0,34.142857142857146,0.5714285714285714
Quebec,Abitibi-Tmiscamingue,2022-03-11,52.0,7846.0,0.0,70.0,468.0,8.0,258.0,3.0,36.857142857142854,0.42857142857142855
Quebec,Abitibi-Tmiscamingue,2022-03-12,55.0,7901.0,1.0,71.0,523.0,9.0,271.0,4.0,38.714285714285715,0.5714285714285714
Quebec,Abitibi-Tmiscamingue,2022-03-13,30.0,7931.0,0.0,71.0,508.0,8.0,284.0,3.0,40.57142857142857,0.42857142857142855
Quebec,Bas-Saint-Laurent,2022-03-07,44.0,15137.0,1.0,106.0,953.0,8.0,410.0,4.0,58.57142857142857,0.5714285714285714
Quebec,Bas-Saint-Laurent,2022-03-08,30.0,15167.0,1.0,107.0,902.0,9.0,408.0,5.0,58.285714285714285,0.7142857142857143
Quebec,Bas-Saint-Laurent,2022-03-09,64.0,15231.0,0.0,107.0,862.0,9.0,376.0,3.0,53.714285714285715,0.42857142857142855
Quebec,Bas-Saint-Laurent,2022-03-10,51.0,15282.0,0.0,107.0,830.0,9.0,364.0,3.0,52.0,0.42857142857142855
Quebec,Bas-Saint-Laurent,2022-03-11,53.0,15335.0,2.0,109.0,789.0,10.0,364.0,5.0,52.0,0.7142857142857143
Quebec,Bas-Saint-Laurent,2022-03-12,55.0,15390.0,0.0,109.0,844.0,10.0,353.0,5.0,50.42857142857143,0.7142857142857143
Quebec,Bas-Saint-Laurent,2022-03-13,41.0,15431.0,0.0,109.0,741.0,10.0,338.0,4.0,48.285714285714285,0.5714285714285714
Quebec,Capitale-Nationale,2022-03-07,83.0,74207.0,1.0,1393.0,2017.0,28.0,831.0,14.0,118.71428571428571,2.0
Quebec,Capitale-Nationale,2022-03-08,87.0,74294.0,4.0,1397.0,1932.0,29.0,830.0,18.0,118.57142857142857,2.5714285714285716
Quebec,Capitale-Nationale,2022-03-09,150.0,74444.0,1.0,1398.0,1853.0,29.0,779.0,15.0,111.28571428571429,2.142857142857143
Quebec,Capitale-Nationale,2022-03-10,143.0,74587.0,5.0,1403.0,1797.0,31.0,806.0,20.0,115.14285714285714,2.857142857142857
Quebec,Capitale-Nationale,2022-03-11,145.0,74732.0,3.0,1406.0,1777.0,31.0,809.0,21.0,115.57142857142857,3.0
Quebec,Capitale-Nationale,2022-03-12,116.0,74848.0,8.0,1414.0,1893.0,39.0,808.0,23.0,115.42857142857143,3.2857142857142856
Quebec,Capitale-Nationale,2022-03-13,95.0,74943.0,0.0,1414.0,1685.0,36.0,819.0,22.0,117.0,3.142857142857143
Quebec,Chaudire-Appalaches,2022-03-07,53.0,52510.0,0.0,544.0,1278.0,19.0,619.0,13.0,88.42857142857143,1.8571428571428572
Quebec,Chaudire-Appalaches,2022-03-08,64.0,52574.0,1.0,545.0,1265.0,20.0,614.0,12.0,87.71428571428571,1.7142857142857142
Quebec,Chaudire-Appalaches,2022-03-09,122.0,52696.0,0.0,545.0,1253.0,20.0,601.0,9.0,85.85714285714286,1.2857142857142858
Quebec,Chaudire-Appalaches,2022-03-10,119.0,52815.0,3.0,548.0,1260.0,21.0,606.0,10.0,86.57142857142857,1.4285714285714286
Quebec,Chaudire-Appalaches,2022-03-11,103.0,52918.0,1.0,549.0,1260.0,22.0,619.0,10.0,88.42857142857143,1.4285714285714286
Quebec,Chaudire-Appalaches,2022-03-12,101.0,53019.0,3.0,552.0,1361.0,25.0,640.0,11.0,91.42857142857143,1.5714285714285714
Quebec,Chaudire-Appalaches,2022-03-13,93.0,53112.0,1.0,553.0,1304.0,23.0,655.0,9.0,93.57142857142857,1.2857142857142858
Quebec,Cte-Nord,2022-03-07,31.0,5624.0,2.0,34.0,610.0,10.0,347.0,7.0,49.57142857142857,1.0
Quebec,Cte-Nord,2022-03-08,51.0,5675.0,0.0,34.0,623.0,8.0,381.0,4.0,54.42857142857143,0.5714285714285714
Quebec,Cte-Nord,2022-03-09,59.0,5734.0,1.0,35.0,630.0,9.0,356.0,5.0,50.857142857142854,0.7142857142857143
Quebec,Cte-Nord,2022-03-10,45.0,5779.0,0.0,35.0,629.0,9.0,338.0,4.0,48.285714285714285,0.5714285714285714
Quebec,Cte-Nord,2022-03-11,45.0,5824.0,1.0,36.0,634.0,9.0,339.0,5.0,48.42857142857143,0.7142857142857143
Quebec,Cte-Nord,2022-03-12,40.0,5864.0,0.0,36.0,674.0,9.0,317.0,4.0,45.285714285714285,0.5714285714285714
Quebec,Cte-Nord,2022-03-13,11.0,5875.0,0.0,36.0,634.0,9.0,282.0,4.0,40.285714285714285,0.5714285714285714
Quebec,Estrie,2022-03-07,50.0,41981.0,0.0,538.0,775.0,8.0,361.0,2.0,51.57142857142857,0.2857142857142857
Quebec,Estrie,2022-03-08,68.0,42049.0,2.0,540.0,769.0,6.0,393.0,3.0,56.142857142857146,0.42857142857142855
Quebec,Estrie,2022-03-09,49.0,42098.0,0.0,540.0,740.0,4.0,369.0,2.0,52.714285714285715,0.2857142857142857
Quebec,Estrie,2022-03-10,56.0,42154.0,2.0,542.0,729.0,6.0,373.0,3.0,53.285714285714285,0.42857142857142855
Quebec,Estrie,2022-03-11,58.0,42212.0,0.0,542.0,716.0,6.0,409.0,4.0,58.42857142857143,0.5714285714285714
Quebec,Estrie,2022-03-12,59.0,42271.0,0.0,542.0,775.0,6.0,400.0,4.0,57.142857142857146,0.5714285714285714
Quebec,Estrie,2022-03-13,48.0,42319.0,0.0,542.0,739.0,6.0,388.0,4.0,55.42857142857143,0.5714285714285714
Quebec,Gaspsie-les-de-la-Madeleine,2022-03-07,14.0,5522.0,0.0,56.0,372.0,3.0,163.0,2.0,23.285714285714285,0.2857142857142857
Quebec,Gaspsie-les-de-la-Madeleine,2022-03-08,36.0,5558.0,1.0,57.0,385.0,4.0,195.0,3.0,27.857142857142858,0.42857142857142855
Quebec,Gaspsie-les-de-la-Madeleine,2022-03-09,57.0,5615.0,0.0,57.0,402.0,3.0,212.0,2.0,30.285714285714285,0.2857142857142857
Quebec,Gaspsie-les-de-la-Madeleine,2022-03-10,58.0,5673.0,0.0,57.0,424.0,3.0,239.0,1.0,34.142857142857146,0.14285714285714285
Quebec,Gaspsie-les-de-la-Madeleine,2022-03-11,39.0,5712.0,0.0,57.0,420.0,3.0,257.0,1.0,36.714285714285715,0.14285714285714285
Quebec,Gaspsie-les-de-la-Madeleine,2022-03-12,61.0,5773.0,0.0,57.0,481.0,3.0,286.0,1.0,40.857142857142854,0.14285714285714285
Quebec,Gaspsie-les-de-la-Madeleine,2022-03-13,37.0,5810.0,0.0,57.0,476.0,3.0,302.0,1.0,43.142857142857146,0.14285714285714285
Quebec,Lanaudire,2022-03-07,51.0,62652.0,1.0,722.0,733.0,10.0,331.0,4.0,47.285714285714285,0.5714285714285714
Quebec,Lanaudire,2022-03-08,57.0,62709.0,0.0,722.0,716.0,9.0,342.0,4.0,48.857142857142854,0.5714285714285714
Quebec,Lanaudire,2022-03-09,76.0,62785.0,0.0,722.0,703.0,8.0,363.0,3.0,51.857142857142854,0.42857142857142855
Quebec,Lanaudire,2022-03-10,58.0,62843.0,1.0,723.0,708.0,7.0,387.0,3.0,55.285714285714285,0.42857142857142855
Quebec,Lanaudire,2022-03-11,59.0,62902.0,0.0,723.0,690.0,5.0,393.0,2.0,56.142857142857146,0.2857142857142857
Quebec,Lanaudire,2022-03-12,32.0,62934.0,0.0,723.0,722.0,5.0,385.0,2.0,55.0,0.2857142857142857
Quebec,Lanaudire,2022-03-13,31.0,62965.0,0.0,723.0,687.0,5.0,364.0,2.0,52.0,0.2857142857142857
Quebec,Laurentides,2022-03-07,66.0,69547.0,0.0,697.0,1501.0,13.0,639.0,1.0,91.28571428571429,0.14285714285714285
Quebec,Laurentides,2022-03-08,63.0,69610.0,3.0,700.0,1428.0,9.0,643.0,4.0,91.85714285714286,0.5714285714285714
Quebec,Laurentides,2022-03-09,98.0,69708.0,1.0,701.0,1356.0,10.0,607.0,5.0,86.71428571428571,0.7142857142857143
Quebec,Laurentides,2022-03-10,90.0,69798.0,1.0,702.0,1318.0,9.0,596.0,6.0,85.14285714285714,0.8571428571428571
Quebec,Laurentides,2022-03-11,74.0,69872.0,0.0,702.0,1273.0,8.0,543.0,5.0,77.57142857142857,0.7142857142857143
Quebec,Laurentides,2022-03-12,76.0,69948.0,0.0,702.0,1349.0,8.0,538.0,5.0,76.85714285714286,0.7142857142857143
Quebec,Laurentides,2022-03-13,60.0,70008.0,0.0,702.0,1186.0,6.0,527.0,5.0,75.28571428571429,0.7142857142857143
Quebec,Laval,2022-03-07,23.0,66070.0,0.0,1047.0,662.0,12.0,283.0,5.0,40.42857142857143,0.7142857142857143
Quebec,Laval,2022-03-08,48.0,66118.0,0.0,1047.0,634.0,11.0,302.0,3.0,43.142857142857146,0.42857142857142855
Quebec,Laval,2022-03-09,36.0,66154.0,0.0,1047.0,580.0,10.0,284.0,0.0,40.57142857142857,0.0
Quebec,Laval,2022-03-10,43.0,66197.0,0.0,1047.0,567.0,6.0,267.0,0.0,38.142857142857146,0.0
Quebec,Laval,2022-03-11,37.0,66234.0,0.0,1047.0,548.0,6.0,245.0,0.0,35.0,0.0
Quebec,Laval,2022-03-12,23.0,66257.0,0.0,1047.0,571.0,6.0,239.0,0.0,34.142857142857146,0.0
Quebec,Laval,2022-03-13,30.0,66287.0,0.0,1047.0,525.0,5.0,240.0,0.0,34.285714285714285,0.0
Quebec,Mauricie,2022-03-07,51.0,48831.0,0.0,865.0,1206.0,21.0,589.0,13.0,84.14285714285714,1.8571428571428572
Quebec,Mauricie,2022-03-08,52.0,48883.0,4.0,869.0,1155.0,24.0,597.0,17.0,85.28571428571429,2.4285714285714284
Quebec,Mauricie,2022-03-09,103.0,48986.0,0.0,869.0,1137.0,22.0,600.0,14.0,85.71428571428571,2.0
Quebec,Mauricie,2022-03-10,115.0,49101.0,1.0,870.0,1157.0,19.0,625.0,12.0,89.28571428571429,1.7142857142857142
Quebec,Mauricie,2022-03-11,101.0,49202.0,2.0,872.0,1152.0,20.0,607.0,12.0,86.71428571428571,1.7142857142857142
Quebec,Mauricie,2022-03-12,60.0,49262.0,2.0,874.0,1212.0,22.0,570.0,10.0,81.42857142857143,1.4285714285714286
Quebec,Mauricie,2022-03-13,50.0,49312.0,4.0,878.0,1136.0,26.0,532.0,13.0,76.0,1.8571428571428572
Quebec,Montral,2022-03-07,98.0,281905.0,1.0,5328.0,2892.0,33.0,1237.0,24.0,176.71428571428572,3.4285714285714284
Quebec,Montral,2022-03-08,136.0,282041.0,2.0,5330.0,2768.0,33.0,1285.0,19.0,183.57142857142858,2.7142857142857144
Quebec,Montral,2022-03-09,220.0,282261.0,0.0,5330.0,2665.0,29.0,1228.0,19.0,175.42857142857142,2.7142857142857144
Quebec,Montral,2022-03-10,177.0,282438.0,0.0,5330.0,2611.0,26.0,1195.0,11.0,170.71428571428572,1.5714285714285714
Quebec,Montral,2022-03-11,154.0,282592.0,0.0,5330.0,2469.0,22.0,1108.0,6.0,158.28571428571428,0.8571428571428571
Quebec,Montral,2022-03-12,164.0,282756.0,0.0,5330.0,2633.0,22.0,1067.0,4.0,152.42857142857142,0.5714285714285714
Quebec,Montral,2022-03-13,136.0,282892.0,0.0,5330.0,2373.0,21.0,1085.0,3.0,155.0,0.42857142857142855
Quebec,Montrgie,2022-03-07,107.0,129616.0,0.0,2022.0,2212.0,28.0,1032.0,16.0,147.42857142857142,2.2857142857142856
Quebec,Montrgie,2022-03-08,117.0,129733.0,6.0,2028.0,2184.0,33.0,1035.0,18.0,147.85714285714286,2.5714285714285716
Quebec,Montrgie,2022-03-09,176.0,129909.0,1.0,2029.0,2163.0,33.0,1028.0,19.0,146.85714285714286,2.7142857142857144
Quebec,Montrgie,2022-03-10,150.0,130059.0,1.0,2030.0,2088.0,28.0,1023.0,16.0,146.14285714285714,2.2857142857142856
Quebec,Montrgie,2022-03-11,129.0,130188.0,4.0,2034.0,2022.0,31.0,944.0,17.0,134.85714285714286,2.4285714285714284
Quebec,Montrgie,2022-03-12,127.0,130315.0,0.0,2034.0,2149.0,31.0,917.0,13.0,131.0,1.8571428571428572
Quebec,Montrgie,2022-03-13,117.0,130432.0,0.0,2034.0,1976.0,28.0,923.0,12.0,131.85714285714286,1.7142857142857142
Quebec,Nord-du-Qubec,2022-03-07,2.0,1045.0,0.0,3.0,72.0,1.0,45.0,1.0,6.428571428571429,0.14285714285714285
Quebec,Nord-du-Qubec,2022-03-08,9.0,1054.0,1.0,4.0,76.0,2.0,53.0,2.0,7.571428571428571,0.2857142857142857
Quebec,Nord-du-Qubec,2022-03-09,9.0,1063.0,0.0,4.0,78.0,2.0,55.0,2.0,7.857142857142857,0.2857142857142857
Quebec,Nord-du-Qubec,2022-03-10,7.0,1070.0,0.0,4.0,83.0,2.0,56.0,1.0,8.0,0.14285714285714285
Quebec,Nord-du-Qubec,2022-03-11,15.0,1085.0,0.0,4.0,92.0,2.0,53.0,1.0,7.571428571428571,0.14285714285714285
Quebec,Nord-du-Qubec,2022-03-12,11.0,1096.0,0.0,4.0,103.0,2.0,58.0,1.0,8.285714285714286,0.14285714285714285
Quebec,Nord-du-Qubec,2022-03-13,5.0,1101.0,0.0,4.0,102.0,2.0,58.0,1.0,8.285714285714286,0.14285714285714285
Quebec,Not Reported,2022-03-07,4.0,2618.0,0.0,2.0,42.0,0.0,24.0,-6.0,3.4285714285714284,-0.8571428571428571
Quebec,Not Reported,2022-03-08,5.0,2623.0,0.0,2.0,47.0,0.0,27.0,0.0,3.857142857142857,0.0
Quebec,Not Reported,2022-03-09,-1.0,2622.0,0.0,2.0,46.0,0.0,22.0,0.0,3.142857142857143,0.0
Quebec,Not Reported,2022-03-10,3.0,2625.0,0.0,2.0,47.0,0.0,21.0,0.0,3.0,0.0
Quebec,Not Reported,2022-03-11,4.0,2629.0,0.0,2.0,49.0,0.0,18.0,0.0,2.5714285714285716,0.0
Quebec,Not Reported,2022-03-12,6.0,2635.0,0.0,2.0,55.0,0.0,20.0,0.0,2.857142857142857,0.0
Quebec,Not Reported,2022-03-13,7.0,2642.0,0.0,2.0,53.0,0.0,28.0,0.0,4.0,0.0
Quebec,Nunavik,2022-03-07,0.0,2714.0,0.0,10.0,67.0,0.0,28.0,0.0,4.0,0.0
Quebec,Nunavik,2022-03-08,2.0,2716.0,0.0,10.0,64.0,0.0,23.0,0.0,3.2857142857142856,0.0
Quebec,Nunavik,2022-03-09,3.0,2719.0,0.0,10.0,61.0,0.0,20.0,0.0,2.857142857142857,0.0
Quebec,Nunavik,2022-03-10,6.0,2725.0,0.0,10.0,56.0,0.0,26.0,0.0,3.7142857142857144,0.0
Quebec,Nunavik,2022-03-11,4.0,2729.0,0.0,10.0,57.0,0.0,25.0,0.0,3.5714285714285716,0.0
Quebec,Nunavik,2022-03-12,6.0,2735.0,0.0,10.0,63.0,0.0,26.0,0.0,3.7142857142857144,0.0
Quebec,Nunavik,2022-03-13,5.0,2740.0,0.0,10.0,57.0,0.0,26.0,0.0,3.7142857142857144,0.0
Quebec,Outaouais,2022-03-07,23.0,35497.0,0.0,288.0,558.0,5.0,228.0,1.0,32.57142857142857,0.14285714285714285
Quebec,Outaouais,2022-03-08,24.0,35521.0,0.0,288.0,540.0,2.0,230.0,1.0,32.857142857142854,0.14285714285714285
Quebec,Outaouais,2022-03-09,48.0,35569.0,0.0,288.0,518.0,2.0,226.0,1.0,32.285714285714285,0.14285714285714285
Quebec,Outaouais,2022-03-10,28.0,35597.0,0.0,288.0,491.0,2.0,222.0,1.0,31.714285714285715,0.14285714285714285
Quebec,Outaouais,2022-03-11,37.0,35634.0,0.0,288.0,472.0,1.0,218.0,1.0,31.142857142857142,0.14285714285714285
Quebec,Outaouais,2022-03-12,35.0,35669.0,0.0,288.0,507.0,1.0,214.0,0.0,30.571428571428573,0.0
Quebec,Outaouais,2022-03-13,30.0,35699.0,0.0,288.0,463.0,1.0,225.0,0.0,32.142857142857146,0.0
Quebec,Saguenay,2022-03-07,46.0,24444.0,0.0,355.0,777.0,25.0,340.0,4.0,48.57142857142857,0.5714285714285714
Quebec,Saguenay,2022-03-08,47.0,24491.0,2.0,357.0,753.0,22.0,365.0,5.0,52.142857142857146,0.7142857142857143
Quebec,Saguenay,2022-03-09,73.0,24564.0,1.0,358.0,739.0,21.0,377.0,5.0,53.857142857142854,0.7142857142857143
Quebec,Saguenay,2022-03-10,58.0,24622.0,1.0,359.0,733.0,20.0,381.0,5.0,54.42857142857143,0.7142857142857143
Quebec,Saguenay,2022-03-11,62.0,24684.0,0.0,359.0,725.0,13.0,394.0,4.0,56.285714285714285,0.5714285714285714
Quebec,Saguenay,2022-03-12,53.0,24737.0,0.0,359.0,778.0,13.0,384.0,4.0,54.857142857142854,0.5714285714285714
Quebec,Saguenay,2022-03-13,37.0,24774.0,0.0,359.0,712.0,8.0,376.0,4.0,53.714285714285715,0.5714285714285714
Quebec,Terres-Cries-de-la-Baie-James,2022-03-07,8.0,2227.0,0.0,13.0,149.0,1.0,102.0,1.0,14.571428571428571,0.14285714285714285
Quebec,Terres-Cries-de-la-Baie-James,2022-03-08,13.0,2240.0,1.0,14.0,156.0,2.0,113.0,2.0,16.142857142857142,0.2857142857142857
Quebec,Terres-Cries-de-la-Baie-James,2022-03-09,33.0,2273.0,0.0,14.0,178.0,2.0,119.0,1.0,17.0,0.14285714285714285
Quebec,Terres-Cries-de-la-Baie-James,2022-03-10,11.0,2284.0,0.0,14.0,178.0,2.0,113.0,1.0,16.142857142857142,0.14285714285714285
Quebec,Terres-Cries-de-la-Baie-James,2022-03-11,8.0,2292.0,0.0,14.0,188.0,2.0,99.0,1.0,14.142857142857142,0.14285714285714285
Quebec,Terres-Cries-de-la-Baie-James,2022-03-12,9.0,2301.0,0.0,14.0,197.0,2.0,88.0,1.0,12.571428571428571,0.14285714285714285
Quebec,Terres-Cries-de-la-Baie-James,2022-03-13,3.0,2304.0,0.0,14.0,188.0,2.0,85.0,1.0,12.142857142857142,0.14285714285714285
Repatriated,Repatriated,2022-03-07,0.0,13.0,0.0,0.0,0.0,0.0,0.0,0.0,0.0,0.0
Repatriated,Repatriated,2022-03-08,0.0,13.0,0.0,0.0,0.0,0.0,0.0,0.0,0.0,0.0
Repatriated,Repatriated,2022-03-09,0.0,13.0,0.0,0.0,0.0,0.0,0.0,0.0,0.0,0.0
Repatriated,Repatriated,2022-03-10,0.0,13.0,0.0,0.0,0.0,0.0,0.0,0.0,0.0,0.0
Repatriated,Repatriated,2022-03-11,0.0,13.0,0.0,0.0,0.0,0.0,0.0,0.0,0.0,0.0
Repatriated,Repatriated,2022-03-12,0.0,13.0,0.0,0.0,0.0,0.0,0.0,0.0,0.0,0.0
Repatriated,Repatriated,2022-03-13,0.0,13.0,0.0,0.0,0.0,0.0,0.0,0.0,0.0,0.0
Saskatchewan,Central,2022-03-07,0.0,10740.0,0.0,110.0,254.0,9.0,109.0,2.0,15.571428571428571,0.2857142857142857
Saskatchewan,Central,2022-03-08,0.0,10740.0,0.0,110.0,254.0,9.0,109.0,2.0,15.571428571428571,0.2857142857142857
Saskatchewan,Central,2022-03-09,0.0,10740.0,0.0,110.0,254.0,9.0,109.0,2.0,15.571428571428571,0.2857142857142857
Saskatchewan,Central,2022-03-10,0.0,10740.0,0.0,110.0,254.0,9.0,109.0,2.0,15.571428571428571,0.2857142857142857
Saskatchewan,Central,2022-03-11,0.0,10740.0,0.0,110.0,254.0,9.0,109.0,2.0,15.571428571428571,0.2857142857142857
Saskatchewan,Central,2022-03-12,0.0,10740.0,0.0,110.0,254.0,9.0,109.0,2.0,15.571428571428571,0.2857142857142857
Saskatchewan,Central,2022-03-13,0.0,10740.0,0.0,110.0,109.0,2.0,0.0,0.0,0.0,0.0
Saskatchewan,Far North,2022-03-07,0.0,10849.0,0.0,87.0,64.0,2.0,26.0,1.0,3.7142857142857144,0.14285714285714285
Saskatchewan,Far North,2022-03-08,0.0,10849.0,0.0,87.0,64.0,2.0,26.0,1.0,3.7142857142857144,0.14285714285714285
Saskatchewan,Far North,2022-03-09,0.0,10849.0,0.0,87.0,64.0,2.0,26.0,1.0,3.7142857142857144,0.14285714285714285
Saskatchewan,Far North,2022-03-10,0.0,10849.0,0.0,87.0,64.0,2.0,26.0,1.0,3.7142857142857144,0.14285714285714285
Saskatchewan,Far North,2022-03-11,0.0,10849.0,0.0,87.0,64.0,2.0,26.0,1.0,3.7142857142857144,0.14285714285714285
Saskatchewan,Far North,2022-03-12,0.0,10849.0,0.0,87.0,64.0,2.0,26.0,1.0,3.7142857142857144,0.14285714285714285
Saskatchewan,Far North,2022-03-13,0.0,10849.0,0.0,87.0,26.0,1.0,0.0,0.0,0.0,0.0
Saskatchewan,North,2022-03-07,0.0,26839.0,0.0,301.0,354.0,16.0,176.0,2.0,25.142857142857142,0.2857142857142857
Saskatchewan,North,2022-03-08,0.0,26839.0,0.0,301.0,354.0,16.0,176.0,2.0,25.142857142857142,0.2857142857142857
Saskatchewan,North,2022-03-09,0.0,26839.0,0.0,301.0,354.0,16.0,176.0,2.0,25.142857142857142,0.2857142857142857
Saskatchewan,North,2022-03-10,0.0,26839.0,0.0,301.0,354.0,16.0,176.0,2.0,25.142857142857142,0.2857142857142857
Saskatchewan,North,2022-03-11,0.0,26839.0,0.0,301.0,354.0,16.0,176.0,2.0,25.142857142857142,0.2857142857142857
Saskatchewan,North,2022-03-12,0.0,26839.0,0.0,301.0,354.0,16.0,176.0,2.0,25.142857142857142,0.2857142857142857
Saskatchewan,North,2022-03-13,0.0,26839.0,0.0,301.0,176.0,2.0,0.0,0.0,0.0,0.0
Saskatchewan,Not Reported,2022-03-07,0.0,2249.0,0.0,0.0,151.0,0.0,73.0,0.0,10.428571428571429,0.0
Saskatchewan,Not Reported,2022-03-08,0.0,2249.0,0.0,0.0,151.0,0.0,73.0,0.0,10.428571428571429,0.0
Saskatchewan,Not Reported,2022-03-09,0.0,2249.0,0.0,0.0,151.0,0.0,73.0,0.0,10.428571428571429,0.0
Saskatchewan,Not Reported,2022-03-10,0.0,2249.0,0.0,0.0,151.0,0.0,73.0,0.0,10.428571428571429,0.0
Saskatchewan,Not Reported,2022-03-11,0.0,2249.0,0.0,0.0,151.0,0.0,73.0,0.0,10.428571428571429,0.0
Saskatchewan,Not Reported,2022-03-12,0.0,2249.0,0.0,0.0,151.0,0.0,73.0,0.0,10.428571428571429,0.0
Saskatchewan,Not Reported,2022-03-13,0.0,2249.0,0.0,0.0,73.0,0.0,0.0,0.0,0.0,0.0
Saskatchewan,Regina,2022-03-07,0.0,27502.0,0.0,248.0,499.0,13.0,231.0,4.0,33.0,0.5714285714285714
Saskatchewan,Regina,2022-03-08,0.0,27502.0,0.0,248.0,499.0,13.0,231.0,4.0,33.0,0.5714285714285714
Saskatchewan,Regina,2022-03-09,0.0,27502.0,0.0,248.0,499.0,13.0,231.0,4.0,33.0,0.5714285714285714
Saskatchewan,Regina,2022-03-10,0.0,27502.0,0.0,248.0,499.0,13.0,231.0,4.0,33.0,0.5714285714285714
Saskatchewan,Regina,2022-03-11,0.0,27502.0,0.0,248.0,499.0,13.0,231.0,4.0,33.0,0.5714285714285714
Saskatchewan,Regina,2022-03-12,0.0,27502.0,0.0,248.0,499.0,13.0,231.0,4.0,33.0,0.5714285714285714
Saskatchewan,Regina,2022-03-13,0.0,27502.0,0.0,248.0,231.0,4.0,0.0,0.0,0.0,0.0
Saskatchewan,Saskatoon,2022-03-07,0.0,33370.0,0.0,209.0,398.0,6.0,207.0,2.0,29.571428571428573,0.2857142857142857
Saskatchewan,Saskatoon,2022-03-08,0.0,33370.0,0.0,209.0,398.0,6.0,207.0,2.0,29.571428571428573,0.2857142857142857
Saskatchewan,Saskatoon,2022-03-09,0.0,33370.0,0.0,209.0,398.0,6.0,207.0,2.0,29.571428571428573,0.2857142857142857
Saskatchewan,Saskatoon,2022-03-10,0.0,33370.0,0.0,209.0,398.0,6.0,207.0,2.0,29.571428571428573,0.2857142857142857
Saskatchewan,Saskatoon,2022-03-11,0.0,33370.0,0.0,209.0,398.0,6.0,207.0,2.0,29.571428571428573,0.2857142857142857
Saskatchewan,Saskatoon,2022-03-12,0.0,33370.0,0.0,209.0,398.0,6.0,207.0,2.0,29.571428571428573,0.2857142857142857
Saskatchewan,Saskatoon,2022-03-13,0.0,33370.0,0.0,209.0,207.0,2.0,0.0,0.0,0.0,0.0
Saskatchewan,South,2022-03-07,0.0,17753.0,0.0,192.0,395.0,11.0,191.0,2.0,27.285714285714285,0.2857142857142857
Saskatchewan,South,2022-03-08,0.0,17753.0,0.0,192.0,395.0,11.0,191.0,2.0,27.285714285714285,0.2857142857142857
Saskatchewan,South,2022-03-09,0.0,17753.0,0.0,192.0,395.0,11.0,191.0,2.0,27.285714285714285,0.2857142857142857
Saskatchewan,South,2022-03-10,0.0,17753.0,0.0,192.0,395.0,11.0,191.0,2.0,27.285714285714285,0.2857142857142857
Saskatchewan,South,2022-03-11,0.0,17753.0,0.0,192.0,395.0,11.0,191.0,2.0,27.285714285714285,0.2857142857142857
Saskatchewan,South,2022-03-12,0.0,17753.0,0.0,192.0,395.0,11.0,191.0,2.0,27.285714285714285,0.2857142857142857
Saskatchewan,South,2022-03-13,0.0,17753.0,0.0,192.0,191.0,2.0,0.0,0.0,0.0,0.0
Yukon,Yukon,2022-03-07,30.0,3515.0,0.0,22.0,146.0,2.0,52.0,1.0,7.428571428571429,0.14285714285714285
Yukon,Yukon,2022-03-08,9.0,3524.0,0.0,22.0,120.0,2.0,57.0,1.0,8.142857142857142,0.14285714285714285
Yukon,Yukon,2022-03-09,9.0,3533.0,0.0,22.0,121.0,2.0,60.0,0.0,8.571428571428571,0.0
Yukon,Yukon,2022-03-10,13.0,3546.0,1.0,23.0,120.0,2.0,71.0,1.0,10.142857142857142,0.14285714285714285
Yukon,Yukon,2022-03-11,9.0,3555.0,0.0,23.0,129.0,2.0,70.0,1.0,10.0,0.14285714285714285
Yukon,Yukon,2022-03-12,0.0,3555.0,0.0,23.0,129.0,2.0,70.0,1.0,10.0,0.14285714285714285
Yukon,Yukon,2022-03-13,0.0,3555.0,0.0,23.0,129.0,2.0,70.0,1.0,10.0,0.14285714285714285
